ID,required_action_point,required_gold,required_block_index,material_id,material_count,material_2_id,material_2_count,material_3_id,material_3_count,option_id,option_ratio,option_1_required_block_index,option_2_id,option_2_ratio,option_2_required_block_index,option_3_id,option_3_ratio,option_3_required_block_index,option_4_id,option_4_ratio,option_4_required_block_index,is_mimisbrunnr_sub_recipe,reward_hammer_point
373,0,0,0,,,,,,,1365,10000,0,1366,2800,0,1367,1200,0,,,,FALSE,1
374,0,0,2,306023,2,306025,2,306002,1,1368,10000,0,1369,8400,0,1370,3200,1,1371,1500,1,FALSE,2
375,0,450,0,301000,10,,,,,1372,10000,0,1373,8000,0,1374,6000,0,1375,900,0,TRUE,2
1,0,0,0,306025,1,306023,1,306024,1,1,10000,0,2,3000,0,3,1100,0,,,,FALSE,1
2,0,0,2,306023,3,306025,2,306024,2,4,10000,0,5,6000,0,6,4200,1,7,1600,1,FALSE,2
3,0,450,4000,306056,18,306061,20,306068,14,8,10000,0,9,8000,112,10,6000,224,11,900,336,TRUE,2
4,0,0,0,306000,1,306002,1,306001,1,12,10000,0,13,2800,0,14,1200,0,,,,FALSE,1
5,0,0,2,306002,3,306000,2,306001,2,15,10000,0,16,9000,0,17,2800,1,18,1600,1,FALSE,2
6,0,450,0,301000,10,,,,,19,10000,0,20,8000,0,21,6000,0,22,900,0,TRUE,2
7,0,0,0,306011,6,306010,3,306009,3,23,10000,0,24,3400,2,25,1000,7,,,,FALSE,1
8,0,0,77,306010,16,306009,11,306011,11,26,10000,0,27,7900,5,28,3400,10,29,1500,15,FALSE,2
9,0,450,0,301000,10,,,,,30,10000,0,31,8000,2,32,6000,5,33,900,7,TRUE,2
10,0,0,0,306050,12,306052,6,306040,6,34,10000,0,35,10000,7,39,10000,0,36,10000,20,FALSE,1
11,0,0,238,306050,36,306051,24,306042,6,37,10000,0,38,6000,15,39,4200,30,40,1600,45,FALSE,2
12,0,450,0,301000,10,,,,,41,10000,0,42,8000,7,43,6000,14,44,900,20,TRUE,2
376,0,0,0,,,,,,,1376,10000,0,1377,10000,1,1381,10000,0,1378,10000,2,FALSE,1
377,0,0,18,306023,5,306002,4,306024,3,1379,10000,0,1380,8400,1,1381,3200,3,1382,1500,4,FALSE,2
378,0,450,0,301000,10,,,,,1383,10000,0,1384,8000,1,1385,6000,1,1386,900,2,TRUE,2
13,0,0,0,306023,3,306025,2,306024,2,45,10000,0,46,3000,1,47,1100,2,,,,FALSE,1
14,0,0,22,306025,8,306024,5,306023,5,48,10000,0,49,6000,2,50,4200,3,51,1600,5,FALSE,2
15,0,450,0,301000,10,,,,,52,10000,0,53,8000,1,54,6000,2,55,900,2,TRUE,2
16,0,0,0,306001,4,306000,2,306002,2,56,10000,0,57,2800,1,58,1200,4,,,,FALSE,1
17,0,0,44,306001,11,306000,7,306002,7,59,10000,0,60,9000,3,61,2800,6,62,1600,9,FALSE,2
18,0,450,0,301000,10,,,,,63,10000,0,64,8000,1,65,6000,3,66,900,4,TRUE,2
19,0,0,0,306013,15,306014,8,306040,8,67,10000,0,68,3400,17,69,1000,49,,,,FALSE,1
20,0,0,583,306014,43,306013,29,306043,8,70,10000,0,71,7900,37,72,3400,74,73,1500,110,FALSE,2
21,0,450,0,301000,10,,,,,74,10000,0,75,8000,17,76,6000,33,77,900,49,TRUE,2
22,0,0,0,306055,24,306054,12,306035,12,78,10000,0,79,3000,100,80,1100,301,,,,FALSE,1
23,0,0,1778,306053,36,306054,24,306037,12,81,10000,0,82,6000,113,83,4200,226,84,1600,338,FALSE,2
24,0,450,0,301000,10,,,,,85,10000,0,86,8000,100,87,6000,201,88,900,301,TRUE,2
379,0,0,0,306040,4,,,,,1387,10000,0,1388,2800,4,1389,1200,10,,,,FALSE,1
380,0,0,120,306003,14,306040,7,306044,4,1390,10000,0,1391,8400,8,1392,3200,15,1393,1500,23,FALSE,2
381,0,450,0,301000,10,,,,,1394,10000,0,1395,8000,4,1396,6000,7,1397,900,10,TRUE,2
25,0,0,0,306027,8,306028,4,306040,4,89,10000,0,90,3000,4,91,1100,11,,,,FALSE,1
26,0,0,128,306026,22,306028,15,306041,4,92,10000,0,93,6000,8,94,4200,16,95,1600,25,FALSE,2
27,0,450,0,301000,10,,,,,96,10000,0,97,8000,4,98,6000,7,99,900,11,TRUE,2
28,0,0,0,306004,9,306003,5,306040,5,100,10000,0,101,2800,5,102,1200,14,,,,FALSE,1
29,0,0,164,306005,27,306004,18,306044,5,103,10000,0,104,9000,11,105,2800,21,106,1600,31,FALSE,2
30,0,450,0,301000,10,,,,,107,10000,0,108,8000,5,109,6000,9,110,900,14,TRUE,2
31,0,0,0,306015,27,306016,14,306035,14,111,10000,0,112,3400,138,113,1000,412,,,,FALSE,1
32,0,0,2000,306017,40,306016,27,306038,14,114,10000,0,115,7900,156,116,3400,280,117,1500,464,FALSE,2
33,0,450,0,301000,10,,,,,118,10000,0,119,8000,138,120,6000,275,121,900,412,TRUE,2
34,0,0,0,306055,47,306054,24,306045,24,122,10000,0,123,3000,302,124,1100,560,,,,FALSE,1
35,0,0,2000,306055,46,306045,23,306047,12,125,10000,0,126,6000,340,127,4200,280,128,1600,840,FALSE,2
36,0,450,0,301000,10,,,,,129,10000,0,130,8000,302,131,6000,560,132,900,907,TRUE,2
382,0,0,0,306035,9,,,,,1398,10000,0,1399,2800,21,1400,1200,62,,,,FALSE,1
383,0,0,741,306053,51,306006,34,306039,9,1401,10000,0,1402,8400,47,1403,3200,94,1404,1500,140,FALSE,2
384,0,450,0,301000,10,,,,,1405,10000,0,1406,8000,21,1407,6000,42,1408,900,62,TRUE,2
37,0,0,0,306029,19,306030,10,306035,10,133,10000,0,134,3000,23,135,1100,69,,,,FALSE,1
38,0,0,821,306029,37,306035,19,306036,10,136,10000,0,137,6000,52,138,4200,104,139,1600,155,FALSE,2
39,0,450,0,301000,10,,,,,140,10000,0,141,8000,23,142,6000,46,143,900,69,TRUE,2
40,0,0,0,306006,21,306008,11,306035,11,144,10000,0,145,2800,73,146,1200,218,,,,FALSE,1
41,0,0,1250,306006,41,306035,21,306039,11,147,10000,0,148,9000,82,149,2800,164,150,1600,246,FALSE,2
42,0,450,0,301000,10,,,,,151,10000,0,152,8000,73,153,6000,146,154,900,218,TRUE,2
43,0,0,0,306015,61,306016,31,306045,31,155,10000,0,156,3400,393,157,1000,560,,,,FALSE,1
44,0,0,2000,306015,60,306045,30,306048,15,158,10000,0,159,7900,350,160,3400,280,161,1500,840,FALSE,2
45,0,450,0,301000,10,,,,,162,10000,0,163,8000,393,164,6000,560,165,900,1178,TRUE,2
46,0,0,0,306055,60,306053,30,306045,10,166,10000,0,167,3000,481,168,1100,560,,,,FALSE,1
47,0,0,2000,306054,80,306045,21,306047,15,169,10000,0,170,6000,350,171,4200,280,172,1600,840,FALSE,2
48,0,450,0,301000,10,,,,,173,10000,0,174,8000,481,175,6000,560,176,900,1441,TRUE,2
388,0,0,0,306045,43,,,,,1420,10000,0,1421,2800,700,1422,1200,560,,,,FALSE,1
389,0,0,4000,306029,169,306045,85,306046,43,1423,10000,0,1424,8400,700,1425,3200,560,1426,1500,1680,FALSE,2
390,0,450,0,301000,10,,,,,1427,10000,0,1428,8000,700,1429,6000,560,1430,900,1680,TRUE,2
61,0,0,0,306030,85,306029,43,306045,43,221,10000,0,222,3000,700,223,1100,560,,,,FALSE,1
62,0,0,4000,306029,170,306045,85,306046,43,224,10000,0,225,6000,700,226,4200,560,227,1600,1680,FALSE,2
63,0,450,0,301000,10,,,,,228,10000,0,229,8000,700,230,6000,560,231,900,1680,TRUE,2
64,0,0,0,306030,86,306029,43,306045,43,232,10000,0,233,2800,700,234,1200,560,,,,FALSE,1
65,0,0,4000,306029,171,306045,86,306046,43,235,10000,0,236,9000,700,237,2800,560,238,1600,1680,FALSE,2
66,0,450,0,301000,10,,,,,239,10000,0,240,8000,700,241,6000,560,242,900,1680,TRUE,2
67,0,0,0,306030,86,306029,43,306045,43,243,10000,0,244,3400,700,245,1000,560,,,,FALSE,1
68,0,0,4000,306029,172,306045,86,306046,43,246,10000,0,247,7900,700,248,3400,560,249,1500,1680,FALSE,2
69,0,450,0,301000,10,,,,,250,10000,0,251,8000,700,252,6000,560,253,900,1680,TRUE,2
70,0,0,0,306030,87,306029,44,306045,44,254,10000,0,255,3000,700,256,1100,560,,,,FALSE,1
71,0,0,4000,306029,173,306045,87,306046,44,257,10000,0,258,6000,700,259,4200,560,260,1600,1680,FALSE,2
72,0,450,0,301000,10,,,,,261,10000,0,262,8000,700,263,6000,560,264,900,1680,TRUE,2
394,0,0,0,306045,59,,,,,1442,10000,0,1443,2800,700,1444,1200,560,,,,FALSE,1
395,0,0,4000,306029,233,306045,117,306046,59,1445,10000,0,1446,8400,700,1447,3200,560,1448,1500,1680,FALSE,2
396,0,450,0,301000,10,,,,,1449,10000,0,1450,8000,700,1451,6000,560,1452,900,1680,TRUE,2
85,0,0,0,306030,118,306029,59,306045,59,309,10000,0,310,3000,700,311,1100,560,,,,FALSE,1
86,0,0,4000,306029,236,306045,118,306046,59,312,10000,0,313,6000,700,314,4200,560,315,1600,1680,FALSE,2
87,0,450,0,301000,10,,,,,316,10000,0,317,8000,700,318,6000,560,319,900,1680,TRUE,2
88,0,0,0,306030,119,306029,60,306045,60,320,10000,0,321,2800,700,322,1200,560,,,,FALSE,1
89,0,0,4000,306029,238,306045,119,306046,60,323,10000,0,324,9000,700,325,2800,560,326,1600,1680,FALSE,2
90,0,450,0,301000,10,,,,,327,10000,0,328,8000,700,329,6000,560,330,900,1680,TRUE,2
91,0,0,0,306030,121,306029,61,306045,61,331,10000,0,332,3400,700,333,1000,560,,,,FALSE,1
92,0,0,4000,306029,241,306045,121,306046,61,334,10000,0,335,7900,700,336,3400,560,337,1500,1680,FALSE,2
93,0,450,0,301000,10,,,,,338,10000,0,339,8000,700,340,6000,560,341,900,1680,TRUE,2
94,0,0,0,306030,122,306029,61,306045,61,342,10000,0,343,3000,700,344,1100,560,,,,FALSE,1
95,0,0,4000,306029,243,306045,122,306046,61,345,10000,0,346,6000,700,347,4200,560,348,1600,1680,FALSE,2
96,0,450,0,301000,10,,,,,349,10000,0,350,8000,700,351,6000,560,352,900,1680,TRUE,2
397,0,0,0,306045,63,,,,,1453,10000,0,1454,2800,700,1455,1200,560,,,,FALSE,1
398,0,0,4000,306029,249,306045,125,306046,63,1456,10000,0,1457,8400,700,1458,3200,560,1459,1500,1680,FALSE,2
399,0,450,0,301000,10,,,,,1460,10000,0,1461,8000,700,1462,6000,560,1463,900,1680,TRUE,2
400,0,0,0,,,,,,,1464,10000,0,1465,4800,0,1466,700,0,,,,FALSE,1
401,0,0,2,306024,2,306002,2,306001,1,1467,10000,0,1468,9400,0,1469,5300,1,1470,800,1,FALSE,2
402,0,300,0,301000,10,,,,,1471,10000,0,1472,8000,0,1473,6000,0,1474,900,0,TRUE,2
97,0,0,0,306023,1,306024,1,306025,1,353,10000,0,354,4200,0,355,800,0,,,,FALSE,1
98,0,0,2,306024,3,306025,2,306023,2,356,10000,0,357,7400,0,358,6000,1,359,900,1,FALSE,2
99,0,300,4000,306056,15,306060,20,306066,20,360,10000,0,361,8000,70,362,6000,140,363,900,210,TRUE,2
100,0,0,0,306002,2,306001,1,306000,1,364,10000,0,365,5600,1,366,600,1,,,,FALSE,1
101,0,0,11,306002,6,306000,4,306001,4,367,10000,0,368,7900,1,369,6300,2,370,800,2,FALSE,2
102,0,300,0,301000,10,,,,,371,10000,0,372,8000,1,373,6000,1,374,900,1,TRUE,2
103,0,0,0,306011,7,306009,4,306010,4,375,10000,0,376,5600,3,377,600,9,,,,FALSE,1
104,0,0,105,306011,19,306010,13,306009,13,378,10000,0,379,9000,7,380,5600,13,381,800,20,FALSE,2
105,0,300,0,301000,10,,,,,382,10000,0,383,8000,3,384,6000,6,385,900,9,TRUE,2
106,0,0,0,306051,14,306052,7,306040,7,386,10000,0,387,4800,15,388,700,45,,,,FALSE,1
107,0,0,538,306052,40,306050,27,306042,7,389,10000,0,390,7400,34,391,6000,68,392,900,102,FALSE,2
108,0,300,0,301000,10,,,,,393,10000,0,394,8000,15,395,6000,30,396,900,45,TRUE,2
403,0,0,0,,,,,,,1475,10000,0,1476,4800,1,1477,700,3,,,,FALSE,1
404,0,0,35,306023,7,306000,5,306001,4,1478,10000,0,1479,9400,2,1480,5300,5,1481,800,7,FALSE,2
405,0,300,0,301000,10,,,,,1482,10000,0,1483,8000,1,1484,6000,2,1485,900,3,TRUE,2
109,0,0,0,306025,4,306023,2,306024,2,397,10000,0,398,4200,1,399,800,4,,,,FALSE,1
110,0,0,39,306025,10,306023,7,306024,7,400,10000,0,401,7400,3,402,6000,5,403,900,8,FALSE,2
111,0,300,0,301000,10,,,,,404,10000,0,405,8000,1,406,6000,2,407,900,4,TRUE,2
112,0,0,0,306000,5,306002,3,306001,3,408,10000,0,409,5600,2,410,600,5,,,,FALSE,1
113,0,0,60,306002,13,306000,9,306001,9,411,10000,0,412,7900,4,413,6300,8,414,800,12,FALSE,2
114,0,300,0,301000,10,,,,,415,10000,0,416,8000,2,417,6000,4,418,900,5,TRUE,2
115,0,0,0,306013,16,306014,8,306040,8,419,10000,0,420,5600,19,421,600,57,,,,FALSE,1
116,0,0,670,306014,32,306040,16,306043,8,422,10000,0,423,9000,42,424,5600,85,425,800,127,FALSE,2
117,0,300,0,301000,10,,,,,426,10000,0,427,8000,19,428,6000,38,429,900,57,TRUE,2
118,0,0,0,306053,26,306055,13,306035,13,430,10000,0,431,4800,117,432,700,351,,,,FALSE,1
119,0,0,4000,306054,51,306035,26,306037,13,433,10000,0,434,7400,264,435,6000,527,436,900,790,FALSE,2
120,0,300,0,301000,10,,,,,437,10000,0,438,8000,117,439,6000,234,440,900,351,TRUE,2
406,0,0,0,306040,5,,,,,1486,10000,0,1487,4800,5,1488,700,13,,,,FALSE,1
407,0,0,155,306005,26,306026,17,306043,5,1489,10000,0,1490,9400,10,1491,5300,20,1492,800,30,FALSE,2
408,0,300,0,301000,10,,,,,1493,10000,0,1494,8000,5,1495,6000,9,1496,900,13,TRUE,2
121,0,0,0,306027,10,306028,5,306040,5,441,10000,0,442,4200,5,443,800,15,,,,FALSE,1
122,0,0,174,306026,19,306040,10,306041,5,444,10000,0,445,7400,11,446,6000,22,447,900,33,FALSE,2
123,0,300,0,301000,10,,,,,448,10000,0,449,8000,5,450,6000,10,451,900,15,TRUE,2
124,0,0,0,306003,11,306004,6,306040,6,452,10000,0,453,5600,6,454,600,18,,,,FALSE,1
125,0,0,216,306004,22,306040,11,306044,6,455,10000,0,456,7900,14,457,6300,27,458,800,41,FALSE,2
126,0,300,0,301000,10,,,,,459,10000,0,460,8000,6,461,6000,12,462,900,18,TRUE,2
127,0,0,0,306016,40,306017,20,306045,20,463,10000,0,464,5600,258,465,600,560,,,,FALSE,1
128,0,0,2000,306016,40,306045,20,306048,20,466,10000,0,467,9000,290,468,5600,280,469,800,840,FALSE,2
129,0,300,0,301000,10,,,,,470,10000,0,471,8000,258,472,6000,516,473,900,774,TRUE,2
130,0,0,0,306054,52,306055,26,306045,26,474,10000,0,475,4800,336,476,700,560,,,,FALSE,1
131,0,0,2000,306053,77,306054,52,306047,13,477,10000,0,478,7400,350,479,6000,280,480,900,840,FALSE,2
132,0,300,0,301000,10,,,,,481,10000,0,482,8000,336,483,6000,560,484,900,1008,TRUE,2
409,0,0,0,306035,10,,,,,1497,10000,0,1498,4800,26,1499,700,77,,,,FALSE,1
410,0,0,912,306030,58,306053,39,306036,10,1500,10000,0,1501,9400,58,1502,5300,115,1503,800,173,FALSE,2
411,0,300,0,301000,10,,,,,1504,10000,0,1505,8000,26,1506,6000,51,1507,900,77,TRUE,2
133,0,0,0,306031,22,306030,11,306035,11,485,10000,0,486,4200,77,487,800,230,,,,FALSE,1
134,0,0,2731,306029,64,306030,43,306036,11,488,10000,0,489,7400,172,490,6000,344,491,900,516,FALSE,2
135,0,300,0,301000,10,,,,,492,10000,0,493,8000,77,494,6000,153,495,900,230,TRUE,2
136,0,0,0,306008,23,306006,12,306035,12,496,10000,0,497,5600,87,498,600,260,,,,FALSE,1
137,0,0,3094,306007,45,306035,23,306039,12,499,10000,0,500,7900,195,501,6300,390,502,800,585,FALSE,2
138,0,300,0,301000,10,,,,,503,10000,0,504,8000,87,505,6000,173,506,900,260,TRUE,2
139,0,0,0,306015,30,306016,15,306045,20,507,10000,0,508,5600,435,509,600,560,,,,FALSE,1
140,0,0,2000,306017,80,306016,20,306048,20,510,10000,0,511,9000,350,512,5600,280,513,800,840,FALSE,2
141,0,300,0,301000,10,,,,,514,10000,0,515,8000,435,516,6000,560,517,900,1305,TRUE,2
142,0,0,0,306055,760,306054,380,306045,57,518,10000,0,519,4800,507,520,700,560,,,,FALSE,1
143,0,0,4000,306053,1368,306055,152,306047,38,521,10000,0,522,7400,700,523,6000,560,524,900,1680,FALSE,2
144,0,300,0,301000,10,,,,,525,10000,0,526,8000,507,527,6000,560,528,900,1520,TRUE,2
415,0,0,0,306035,41,,,,,1519,10000,0,1520,4800,700,1521,700,560,,,,FALSE,1
416,0,0,4000,306029,163,306035,82,306036,41,1522,10000,0,1523,9400,700,1524,5300,560,1525,800,1680,FALSE,2
417,0,300,0,301000,10,,,,,1526,10000,0,1527,8000,700,1528,6000,560,1529,900,1680,TRUE,2
157,0,0,0,306030,82,306029,41,306035,41,573,10000,0,574,4200,700,575,800,560,,,,FALSE,1
158,0,0,4000,306029,164,306035,82,306036,41,576,10000,0,577,7400,700,578,6000,560,579,900,1680,FALSE,2
159,0,300,0,301000,10,,,,,580,10000,0,581,8000,700,582,6000,560,583,900,1680,TRUE,2
160,0,0,0,306030,83,306029,42,306035,42,584,10000,0,585,5600,700,586,600,560,,,,FALSE,1
161,0,0,4000,306029,165,306035,83,306036,42,587,10000,0,588,7900,700,589,6300,560,590,800,1680,FALSE,2
162,0,300,0,301000,10,,,,,591,10000,0,592,8000,700,593,6000,560,594,900,1680,TRUE,2
163,0,0,0,306030,83,306029,42,306035,42,595,10000,0,596,5600,700,597,600,560,,,,FALSE,1
164,0,0,4000,306029,166,306035,83,306036,42,598,10000,0,599,9000,700,600,5600,560,601,800,1680,FALSE,2
165,0,300,0,301000,10,,,,,602,10000,0,603,8000,700,604,6000,560,605,900,1680,TRUE,2
166,0,0,0,306030,84,306029,42,306035,42,606,10000,0,607,4800,700,608,700,560,,,,FALSE,1
167,0,0,4000,306029,167,306035,84,306036,42,609,10000,0,610,7400,700,611,6000,560,612,900,1680,FALSE,2
168,0,300,0,301000,10,,,,,613,10000,0,614,8000,700,615,6000,560,616,900,1680,TRUE,2
418,0,0,0,306035,44,,,,,1530,10000,0,1531,4800,700,1532,700,560,,,,FALSE,1
419,0,0,4000,306029,175,306035,88,306036,44,1533,10000,0,1534,9400,700,1535,5300,560,1536,800,1680,FALSE,2
420,0,300,0,301000,10,,,,,1537,10000,0,1538,8000,700,1539,6000,560,1540,900,1680,TRUE,2
169,0,0,0,306030,88,306029,44,306035,44,617,10000,0,618,4200,700,619,800,560,,,,FALSE,1
170,0,0,4000,306029,176,306035,88,306036,44,620,10000,0,621,7400,700,622,6000,560,623,900,1680,FALSE,2
171,0,300,0,301000,10,,,,,624,10000,0,625,8000,700,626,6000,560,627,900,1680,TRUE,2
172,0,0,0,306030,89,306029,45,306035,45,628,10000,0,629,5600,700,630,600,560,,,,FALSE,1
173,0,0,4000,306029,178,306035,89,306036,45,631,10000,0,632,7900,700,633,6300,560,634,800,1680,FALSE,2
174,0,300,0,301000,10,,,,,635,10000,0,636,8000,700,637,6000,560,638,900,1680,TRUE,2
175,0,0,0,306030,90,306029,45,306035,45,639,10000,0,640,5600,700,641,600,560,,,,FALSE,1
176,0,0,4000,306029,179,306035,90,306036,45,642,10000,0,643,9000,700,644,5600,560,645,800,1680,FALSE,2
177,0,300,0,301000,10,,,,,646,10000,0,647,8000,700,648,6000,560,649,900,1680,TRUE,2
178,0,0,0,306030,90,306029,45,306045,45,650,10000,0,651,4800,700,652,700,560,,,,FALSE,1
179,0,0,4000,306029,180,306045,90,306046,45,653,10000,0,654,7400,700,655,6000,560,656,900,1680,FALSE,2
180,0,300,0,301000,10,,,,,657,10000,0,658,8000,700,659,6000,560,660,900,1680,TRUE,2
424,0,0,0,306035,62,,,,,1552,10000,0,1553,4800,700,1554,700,560,,,,FALSE,1
425,0,0,4000,306029,246,306035,123,306036,62,1555,10000,0,1556,9400,700,1557,5300,560,1558,800,1680,FALSE,2
426,0,300,0,301000,10,,,,,1559,10000,0,1560,8000,700,1561,6000,560,1562,900,1680,TRUE,2
427,0,0,0,,,,,,,1563,10000,0,1564,4800,0,1565,700,0,,,,FALSE,1
428,0,0,2,306023,2,306001,2,306000,1,1566,10000,0,1567,8500,0,1568,5900,1,1569,800,1,FALSE,2
429,0,300,0,301000,10,,,,,1570,10000,0,1571,8000,0,1572,6000,0,1573,900,0,TRUE,2
193,0,0,0,306025,1,306023,1,306024,1,705,10000,0,706,5600,0,707,600,0,,,,FALSE,1
194,0,0,2,306025,3,306023,2,306024,2,708,10000,0,709,9500,0,710,6000,1,711,700,1,FALSE,2
195,0,300,995,306058,20,306064,16,306065,8,712,10000,0,713,8000,14,714,6000,28,715,900,42,TRUE,2
196,0,0,0,306000,3,306002,2,306001,2,716,10000,0,717,4800,1,718,700,2,,,,FALSE,1
197,0,0,15,306001,7,306002,5,306000,5,719,10000,0,720,8400,1,721,6000,2,722,800,3,FALSE,2
198,0,300,0,301000,10,,,,,723,10000,0,724,8000,1,725,6000,1,726,900,2,TRUE,2
199,0,0,0,306009,8,306011,4,306010,4,727,10000,0,728,5600,4,729,600,12,,,,FALSE,1
200,0,0,137,306010,23,306009,16,306011,16,730,10000,0,731,7600,9,732,6600,18,733,800,26,FALSE,2
201,0,300,0,301000,10,,,,,734,10000,0,735,8000,4,736,6000,8,737,900,12,TRUE,2
202,0,0,0,306052,18,306051,9,306040,9,738,10000,0,739,5600,22,740,600,66,,,,FALSE,1
203,0,0,780,306051,53,306050,35,306042,9,741,10000,0,742,8800,49,743,5700,99,744,800,148,FALSE,2
204,0,300,0,301000,10,,,,,745,10000,0,746,8000,22,747,6000,44,748,900,66,TRUE,2
430,0,0,0,,,,,,,1574,10000,0,1575,4800,2,1576,700,4,,,,FALSE,1
431,0,0,49,306024,8,306001,6,306023,4,1577,10000,0,1578,8500,3,1579,5900,6,1580,800,10,FALSE,2
432,0,300,0,301000,10,,,,,1581,10000,0,1582,8000,2,1583,6000,3,1584,900,4,TRUE,2
205,0,0,0,306025,4,306023,2,306024,2,749,10000,0,750,5600,2,751,600,5,,,,FALSE,1
206,0,0,54,306025,12,306024,8,306023,8,752,10000,0,753,9500,4,754,6000,7,755,700,11,FALSE,2
207,0,300,0,301000,10,,,,,756,10000,0,757,8000,2,758,6000,3,759,900,5,TRUE,2
208,0,0,0,306001,6,306002,3,306000,3,760,10000,0,761,4800,3,762,700,8,,,,FALSE,1
209,0,0,90,306002,17,306001,12,306000,12,763,10000,0,764,8400,6,765,6000,12,766,800,17,FALSE,2
210,0,300,0,301000,10,,,,,767,10000,0,768,8000,3,769,6000,5,770,900,8,TRUE,2
211,0,0,0,306014,22,306013,11,306040,11,771,10000,0,772,5600,81,773,600,244,,,,FALSE,1
212,0,0,2898,306013,66,306014,44,306043,11,774,10000,0,775,7600,183,776,6600,365,777,800,548,FALSE,2
213,0,300,0,301000,10,,,,,778,10000,0,779,8000,81,780,6000,163,781,900,244,TRUE,2
214,0,0,0,306054,45,306055,23,306045,23,782,10000,0,783,5600,287,784,600,560,,,,FALSE,1
215,0,0,2000,306053,67,306054,44,306047,23,785,10000,0,786,8800,322,787,5700,280,788,800,840,FALSE,2
216,0,300,0,301000,10,,,,,789,10000,0,790,8000,287,791,6000,560,792,900,860,TRUE,2
433,0,0,0,306040,5,,,,,1585,10000,0,1586,4800,6,1587,700,17,,,,FALSE,1
434,0,0,194,306004,20,306040,10,306043,5,1588,10000,0,1589,8500,12,1590,5900,25,1591,800,37,FALSE,2
435,0,300,0,301000,10,,,,,1592,10000,0,1593,8000,6,1594,6000,11,1595,900,17,TRUE,2
217,0,0,0,306028,11,306026,6,306040,6,793,10000,0,794,5600,6,795,600,18,,,,FALSE,1
218,0,0,205,306028,21,306040,11,306041,6,796,10000,0,797,9500,13,798,6000,26,799,700,39,FALSE,2
219,0,300,0,301000,10,,,,,800,10000,0,801,8000,6,802,6000,12,803,900,18,TRUE,2
220,0,0,0,306005,14,306003,7,306040,7,804,10000,0,805,4800,16,806,700,47,,,,FALSE,1
221,0,0,559,306005,42,306004,28,306044,7,807,10000,0,808,8400,35,809,6000,71,810,800,106,FALSE,2
222,0,300,0,301000,10,,,,,811,10000,0,812,8000,16,813,6000,32,814,900,47,TRUE,2
223,0,0,0,306015,58,306017,29,306045,29,815,10000,0,816,5600,373,817,600,560,,,,FALSE,1
224,0,0,4000,306015,172,306016,115,306048,29,818,10000,0,819,7600,700,820,6600,560,821,800,1680,FALSE,2
225,0,300,0,301000,10,,,,,822,10000,0,823,8000,373,824,6000,560,825,900,1119,TRUE,2
436,0,0,0,306035,13,,,,,1596,10000,0,1597,4800,127,1598,700,381,,,,FALSE,1
437,0,0,4000,306030,78,306007,52,306037,13,1599,10000,0,1600,8500,285,1601,5900,560,1602,800,856,FALSE,2
438,0,300,0,301000,10,,,,,1603,10000,0,1604,8000,127,1605,6000,254,1606,900,381,TRUE,2
229,0,0,0,306029,28,306031,14,306035,14,837,10000,0,838,5600,149,839,600,446,,,,FALSE,1
230,0,0,4000,306029,82,306031,55,306036,14,840,10000,0,841,9500,335,842,6000,560,843,700,1004,FALSE,2
231,0,300,0,301000,10,,,,,844,10000,0,845,8000,149,846,6000,298,847,900,446,TRUE,2
232,0,0,0,306007,380,306008,190,306045,38,848,10000,0,849,4800,504,850,700,560,,,,FALSE,1
233,0,0,4000,306007,1140,306006,760,306049,38,851,10000,0,852,8400,700,853,6000,560,854,800,1680,FALSE,2
234,0,300,0,301000,10,,,,,855,10000,0,856,8000,504,857,6000,560,858,900,1513,TRUE,2
235,0,0,0,306016,60,306015,36,306045,10,859,10000,0,860,5600,504,861,1200,560,,,,FALSE,1
236,0,0,2000,306015,90,306017,70,306048,20,862,10000,0,863,7600,350,864,6600,280,865,1400,840,FALSE,2
237,0,300,0,301000,10,,,,,866,10000,0,867,8000,504,868,6000,560,869,900,1513,TRUE,2
238,0,0,0,306053,380,306055,190,306045,38,870,10000,0,871,5600,504,872,600,560,,,,FALSE,1
239,0,0,4000,306053,1140,306054,760,306047,38,873,10000,0,874,8800,700,875,5700,560,876,800,1680,FALSE,2
240,0,300,0,301000,10,,,,,877,10000,0,878,8000,504,879,6000,560,880,900,1513,TRUE,2
442,0,0,0,,,,,,,1618,10000,0,1619,3000,0,1620,1100,0,,,,FALSE,1
443,0,0,2,306024,2,306002,2,306000,1,1621,10000,0,1622,6300,0,1623,5300,1,1624,1200,1,FALSE,2
444,0,300,0,301000,10,,,,,1625,10000,0,1626,8000,0,1627,6000,0,1628,900,0,TRUE,2
253,0,0,0,306025,1,306023,1,306024,1,925,10000,0,926,3700,0,927,900,1,,,,FALSE,1
254,0,0,5,306025,3,306024,2,306023,2,928,10000,0,929,7500,1,930,4800,1,931,1100,1,FALSE,2
255,0,300,2995,306062,8,306059,22,306063,10,932,10000,0,933,8000,42,934,6000,84,935,900,126,TRUE,2
256,0,0,0,306001,3,306000,2,306002,2,936,10000,0,937,3700,1,938,900,2,,,,FALSE,1
257,0,0,26,306001,8,306000,6,306002,6,939,10000,0,940,8000,2,941,5000,4,942,1000,5,FALSE,2
258,0,300,0,301000,10,,,,,943,10000,0,944,8000,1,945,6000,2,946,900,2,TRUE,2
259,0,0,0,306010,10,306009,5,306011,5,947,10000,0,948,3400,5,949,1000,16,,,,FALSE,1
260,0,0,184,306010,29,306011,20,306009,20,950,10000,0,951,9100,12,952,4000,23,953,1100,35,FALSE,2
261,0,300,0,301000,10,,,,,954,10000,0,955,8000,5,956,6000,11,957,900,16,TRUE,2
262,0,0,0,306050,20,306051,10,306040,10,958,10000,0,959,3400,70,960,1000,209,,,,FALSE,1
263,0,0,2488,306051,40,306040,20,306042,10,961,10000,0,962,7300,157,963,4600,314,964,1200,471,FALSE,2
264,0,300,0,301000,10,,,,,965,10000,0,966,8000,70,967,6000,140,968,900,209,TRUE,2
445,0,0,0,,,,,,,1629,10000,0,1630,3000,2,1631,1100,6,,,,FALSE,1
446,0,0,65,306024,9,306023,7,306000,5,1632,10000,0,1633,6300,4,1634,5300,8,1635,1200,13,FALSE,2
447,0,300,0,301000,10,,,,,1636,10000,0,1637,8000,2,1638,6000,4,1639,900,6,TRUE,2
265,0,0,0,306024,5,306025,3,306023,3,969,10000,0,970,3700,2,971,900,6,,,,FALSE,1
266,0,0,71,306025,15,306023,10,306024,10,972,10000,0,973,7500,5,974,4800,9,975,1100,14,FALSE,2
267,0,300,0,301000,10,,,,,976,10000,0,977,8000,2,978,6000,4,979,900,6,TRUE,2
268,0,0,0,306000,7,306001,4,306002,4,980,10000,0,981,3700,3,982,900,10,,,,FALSE,1
269,0,0,112,306001,20,306000,14,306002,14,983,10000,0,984,8000,7,985,5000,14,986,1000,21,FALSE,2
270,0,300,0,301000,10,,,,,987,10000,0,988,8000,3,989,6000,7,990,900,10,TRUE,2
271,0,0,0,306012,25,306013,13,306040,13,991,10000,0,992,3400,108,993,1000,325,,,,FALSE,1
272,0,0,3864,306014,49,306040,25,306043,13,994,10000,0,995,9100,244,996,4000,487,997,1100,731,FALSE,2
273,0,300,0,301000,10,,,,,998,10000,0,999,8000,108,1000,6000,217,1001,900,325,TRUE,2
274,0,0,0,306055,43,306053,22,306045,22,1002,10000,0,1003,3400,272,1004,1000,560,,,,FALSE,1
275,0,0,2000,306053,63,306054,43,306047,22,1005,10000,0,1006,7300,306,1007,4600,280,1008,1200,840,FALSE,2
276,0,300,0,301000,10,,,,,1009,10000,0,1010,8000,272,1011,6000,544,1012,900,816,TRUE,2
448,0,0,0,306040,7,,,,,1640,10000,0,1641,3000,14,1642,1100,42,,,,FALSE,1
449,0,0,502,306012,37,306027,25,306041,7,1643,10000,0,1644,6300,32,1645,5300,64,1646,1200,95,FALSE,2
450,0,300,0,301000,10,,,,,1647,10000,0,1648,8000,14,1649,6000,28,1650,900,42,TRUE,2
277,0,0,0,306027,13,306028,7,306040,7,1013,10000,0,1014,3700,15,1015,900,44,,,,FALSE,1
278,0,0,519,306026,39,306028,26,306041,7,1016,10000,0,1017,7500,33,1018,4800,66,1019,1100,98,FALSE,2
279,0,300,0,301000,10,,,,,1020,10000,0,1021,8000,15,1022,6000,29,1023,900,44,TRUE,2
280,0,0,0,306005,17,306003,9,306040,9,1024,10000,0,1025,3700,20,1026,900,59,,,,FALSE,1
281,0,0,704,306003,33,306040,17,306044,9,1027,10000,0,1028,8000,45,1029,5000,89,1030,1000,133,FALSE,2
282,0,300,0,301000,10,,,,,1031,10000,0,1032,8000,20,1033,6000,40,1034,900,59,TRUE,2
283,0,0,0,306015,55,306017,28,306045,28,1035,10000,0,1036,3400,354,1037,1000,560,,,,FALSE,1
284,0,0,2000,306016,54,306045,28,306048,28,1038,10000,0,1039,9100,350,1040,4000,280,1041,1100,840,FALSE,2
285,0,300,0,301000,10,,,,,1042,10000,0,1043,8000,354,1044,6000,560,1045,900,1062,TRUE,2
286,0,0,0,306055,70,306053,28,306045,10,1046,10000,0,1047,3400,457,1048,1000,560,,,,FALSE,1
287,0,0,2000,306054,100,306045,30,306047,20,1049,10000,0,1050,7300,350,1051,4600,280,1052,1200,840,FALSE,2
288,0,300,0,301000,10,,,,,1053,10000,0,1054,8000,457,1055,6000,560,1056,900,1371,TRUE,2
451,0,0,0,306045,30,,,,,1651,10000,0,1652,3000,128,1653,1700,382,,,,FALSE,1
452,0,0,2000,306007,80,306016,20,306048,20,1654,10000,0,1655,6300,287,1656,5300,280,1657,1800,840,FALSE,2
453,0,300,0,301000,10,,,,,1658,10000,0,1659,8000,128,1660,6000,255,1661,900,382,TRUE,2
289,0,0,0,306029,770,306031,390,306045,58,1057,10000,0,1058,3700,509,1059,900,560,,,,FALSE,1
290,0,0,4000,306030,918,306045,77,306046,39,1060,10000,0,1061,7500,700,1062,4800,560,1063,1100,1680,FALSE,2
291,0,300,0,301000,10,,,,,1064,10000,0,1065,8000,509,1066,6000,560,1067,900,1528,TRUE,2
292,0,0,0,306006,770,306007,390,306045,58,1068,10000,0,1069,3700,509,1070,900,560,,,,FALSE,1
293,0,0,4000,306008,918,306045,77,306049,39,1071,10000,0,1072,8000,700,1073,5000,560,1074,1000,1680,FALSE,2
294,0,300,0,301000,10,,,,,1075,10000,0,1076,8000,509,1077,6000,560,1078,900,1528,TRUE,2
295,0,0,0,306016,770,306015,390,306045,58,1079,10000,0,1080,3400,509,1081,1000,560,,,,FALSE,1
296,0,0,4000,306016,918,306045,77,306048,39,1082,10000,0,1083,9100,700,1084,4000,560,1085,1100,1680,FALSE,2
297,0,300,0,301000,10,,,,,1086,10000,0,1087,8000,509,1088,6000,560,1089,900,1528,TRUE,2
298,0,0,0,306053,770,306054,390,306045,58,1090,10000,0,1091,3400,509,1092,1000,560,,,,FALSE,1
299,0,0,4000,306054,918,306045,77,306047,39,1093,10000,0,1094,7300,700,1095,4600,560,1096,1200,1680,FALSE,2
300,0,300,0,301000,10,,,,,1097,10000,0,1098,8000,509,1099,6000,560,1100,900,1528,TRUE,2
457,0,0,0,,,,,,,1673,10000,0,1674,6800,0,1675,500,0,,,,FALSE,1
458,0,0,2,306001,2,306002,2,306023,1,1676,10000,0,1677,8900,0,1678,7500,1,1679,600,1,FALSE,2
459,0,300,0,301000,10,,,,,1680,10000,0,1681,8000,0,1682,6000,0,1683,500,0,TRUE,2
313,0,0,0,306023,1,306025,1,306024,1,1145,10000,0,1146,8500,0,1147,400,1,,,,FALSE,1
314,0,0,8,306025,3,306024,2,306023,2,1148,10000,0,1149,9600,1,1150,8300,1,1151,500,2,FALSE,2
315,0,300,4000,306056,20,306067,20,306069,14,1152,10000,0,1153,8000,252,1154,6000,504,1155,500,755,TRUE,2
316,0,0,0,306002,3,306001,2,306000,2,1156,10000,0,1157,6800,1,1158,500,3,,,,FALSE,1
317,0,0,30,306002,9,306001,6,306000,6,1159,10000,0,1160,8400,2,1161,7900,4,1162,600,6,FALSE,2
318,0,300,0,301000,10,,,,,1163,10000,0,1164,8000,1,1165,6000,2,1166,500,3,TRUE,2
319,0,0,0,306010,12,306011,6,306009,6,1167,10000,0,1168,8500,7,1169,400,19,,,,FALSE,1
320,0,0,227,306010,34,306009,23,306011,23,1170,10000,0,1171,9000,15,1172,8900,29,1173,500,43,FALSE,2
321,0,300,0,301000,10,,,,,1174,10000,0,1175,8000,7,1176,6000,13,1177,500,19,TRUE,2
322,0,0,0,306052,24,306050,12,306040,12,1178,10000,0,1179,8500,93,1180,400,279,,,,FALSE,1
323,0,0,3321,306051,70,306050,47,306042,12,1181,10000,0,1182,9000,209,1183,8900,419,1184,500,628,FALSE,2
324,0,300,0,301000,10,,,,,1185,10000,0,1186,8000,93,1187,6000,186,1188,500,279,TRUE,2
460,0,0,0,,,,,,,1684,10000,0,1685,6800,3,1686,500,7,,,,FALSE,1
461,0,0,84,306023,11,306002,8,306024,6,1687,10000,0,1688,8900,5,1689,7500,11,1690,600,16,FALSE,2
462,0,300,0,301000,10,,,,,1691,10000,0,1692,8000,3,1693,6000,5,1694,500,7,TRUE,2
325,0,0,0,306024,6,306023,3,306025,3,1189,10000,0,1190,10000,3,1194,10000,0,1191,10000,8,FALSE,1
326,0,0,97,306025,18,306023,12,306024,12,1192,10000,0,1193,9600,6,1194,8300,12,1195,500,19,FALSE,2
327,0,300,0,301000,10,,,,,1196,10000,0,1197,8000,3,1198,6000,6,1199,500,8,TRUE,2
328,0,0,0,306002,8,306001,4,306000,4,1200,10000,0,1201,6800,4,1202,500,12,,,,FALSE,1
329,0,0,146,306001,24,306002,16,306000,16,1203,10000,0,1204,8400,9,1205,7900,19,1206,600,28,FALSE,2
330,0,300,0,301000,10,,,,,1207,10000,0,1208,8000,4,1209,6000,8,1210,500,12,TRUE,2
331,0,0,0,306014,28,306013,14,306040,14,1211,10000,0,1212,8500,245,1213,400,560,,,,FALSE,1
332,0,0,4373,306013,56,306040,28,306043,14,1214,10000,0,1215,9000,276,1216,8900,280,1217,500,827,FALSE,2
333,0,300,0,301000,10,,,,,1218,10000,0,1219,8000,245,1220,6000,490,1221,500,735,TRUE,2
334,0,0,0,306054,49,306055,25,306045,25,1222,10000,0,1223,8500,319,1224,400,560,,,,FALSE,1
335,0,0,2000,306053,97,306045,49,306047,25,1225,10000,0,1226,9000,350,1227,8900,280,1228,500,840,FALSE,2
336,0,300,0,301000,10,,,,,1229,10000,0,1230,8000,319,1231,6000,560,1232,500,956,TRUE,2
463,0,0,0,306040,8,,,,,1695,10000,0,1696,6800,17,1697,500,52,,,,FALSE,1
464,0,0,610,306004,45,306050,30,306042,8,1698,10000,0,1699,8900,39,1700,7500,77,1701,600,116,FALSE,2
465,0,300,0,301000,10,,,,,1702,10000,0,1703,8000,17,1704,6000,34,1705,500,52,TRUE,2
337,0,0,0,306028,16,306026,8,306040,8,1233,10000,0,1234,10000,18,1238,10000,0,1235,10000,54,FALSE,1
338,0,0,639,306027,31,306040,16,306041,8,1236,10000,0,1237,9600,40,1238,8300,81,1239,500,121,FALSE,2
339,0,300,0,301000,10,,,,,1240,10000,0,1241,8000,18,1242,6000,36,1243,500,54,TRUE,2
340,0,0,0,306004,19,306003,10,306040,10,1244,10000,0,1245,6800,25,1246,500,73,,,,FALSE,1
341,0,0,865,306003,56,306005,38,306044,10,1247,10000,0,1248,8400,55,1249,7900,109,1250,600,164,FALSE,2
342,0,300,0,301000,10,,,,,1251,10000,0,1252,8000,25,1253,6000,49,1254,500,73,TRUE,2
343,0,0,0,306017,60,306016,30,306045,20,1255,10000,0,1256,8500,414,1257,400,560,,,,FALSE,1
344,0,0,2000,306017,70,306045,30,306048,20,1258,10000,0,1259,9000,350,1260,8900,280,1261,500,840,FALSE,2
345,0,300,0,301000,10,,,,,1262,10000,0,1263,8000,414,1264,6000,560,1265,500,1240,TRUE,2
346,0,0,0,306053,70,306054,30,306045,20,1266,10000,0,1267,8500,505,1268,400,560,,,,FALSE,1
347,0,0,2000,306055,80,306053,30,306047,20,1269,10000,0,1270,9000,350,1271,8900,280,1272,500,840,FALSE,2
348,0,300,0,301000,10,,,,,1273,10000,0,1274,8000,505,1275,6000,560,1276,500,1515,TRUE,2
101400001,0,0,0,306045,60,,,,,1014000011,10000,0,1014000012,2800,490,1014000013,1800,420,,,,FALSE,1
101400002,0,0,5000,306046,20,306049,20,306048,20,1014000021,10000,0,1014000022,8400,350,1014000023,3200,420,1014000024,2100,840,FALSE,2
101400003,0,450000,0,301000,10,,,,,1014000031,10000,0,1014000032,8000,290,1014000033,6000,420,1014000034,900,840,TRUE,2
101410001,0,0,0,306045,20,306046,10,,,1014100011,10000,0,1014100012,3000,490,1014100013,1700,420,,,,FALSE,1
101410002,0,0,2500,306030,80,306045,30,306046,20,1014100021,10000,0,1014100022,6000,350,1014100023,4200,420,1014100024,2200,840,FALSE,2
101410003,0,450000,0,301000,10,,,,,1014100031,10000,0,1014100032,8000,290,1014100033,6000,420,1014100034,900,840,TRUE,2
101420001,0,0,0,306045,20,306049,10,,,1014200011,10000,0,1014200012,2800,490,1014200013,1800,420,,,,FALSE,1
101420002,0,0,5000,306008,80,306045,30,306049,20,1014200021,10000,0,1014200022,9000,350,1014200023,2800,420,1014200024,2200,840,FALSE,2
101420003,0,450000,0,301000,10,,,,,1014200031,10000,0,1014200032,8000,300,1014200033,6000,420,1014200034,900,840,TRUE,2
101430001,0,0,0,306045,20,306048,20,,,1014300011,10000,0,1014300012,3400,490,1014300013,1600,420,,,,FALSE,1
101430002,0,0,5000,306016,100,306045,40,306048,30,1014300021,10000,0,1014300022,7900,350,1014300023,3400,420,1014300024,2100,840,FALSE,2
101430003,0,450000,0,301000,10,,,,20,1014300031,10000,0,1014300032,8000,300,1014300033,6000,420,1014300034,900,840,TRUE,2
101440001,0,0,0,306045,20,306047,30,,,1014400011,10000,0,1014400012,3000,490,1014400013,1700,420,,,,FALSE,1
101440002,0,0,5000,306054,100,306045,40,306047,30,1014400021,10000,0,1014400022,6000,350,1014400023,4200,420,1014400024,2200,840,FALSE,2
101440003,0,450000,0,301000,10,,,,,1014400031,10000,0,1014400032,8000,316,1014400033,6000,420,1014400034,900,840,TRUE,2
102400001,0,0,0,306045,60,,,,,1024000011,10000,0,1024000012,4800,490,1024000013,1300,420,,,,FALSE,1
102400002,0,0,5000,306046,20,306049,20,306048,20,1024000021,10000,0,1024000022,9400,350,1024000023,5300,420,1024000024,1400,840,FALSE,2
102400003,0,450000,0,301000,10,,,,,1024000031,10000,0,1024000032,8000,490,1024000033,6000,420,1024000034,900,840,TRUE,2
102410001,0,0,0,306045,20,306046,10,,,1024100011,10000,0,1024100012,4200,490,1024100013,1400,420,,,,FALSE,1
102410002,0,0,5000,306031,80,306045,30,306046,20,1024100021,10000,0,1024100022,7400,350,1024100023,6000,420,1024100024,1500,840,FALSE,2
102410003,0,450000,0,301000,10,,,,,1024100031,10000,0,1024100032,8000,286,1024100033,6000,420,1024100034,900,840,TRUE,2
102420001,0,0,0,306045,20,306049,10,,,1024200011,10000,0,1024200012,5600,490,1024200013,1200,420,,,,FALSE,1
102420002,0,0,5000,306006,80,306045,30,306049,80,1024200021,10000,0,1024200022,7900,350,1024200023,6300,420,1024200024,1400,840,FALSE,2
102420003,0,450000,0,301000,10,,,,,1024200031,10000,0,1024200032,8000,313,1024200033,6000,420,1024200034,900,840,TRUE,2
102430001,0,0,0,306045,20,306048,10,,,1024300011,10000,0,1024300012,5600,490,1024300013,1200,420,,,,FALSE,1
102430002,0,0,5000,306015,100,306045,40,306048,30,1024300021,10000,0,1024300022,9000,350,1024300023,5600,420,1024300024,1400,840,FALSE,2
102430003,0,450000,0,301000,10,,,,,1024300031,10000,0,1024300032,8000,308,1024300033,6000,420,1024300034,900,840,TRUE,2
102440001,0,0,0,306045,20,306047,10,,,1024400011,10000,0,1024400012,4800,490,1024400013,1300,420,,,,FALSE,1
102440002,0,0,5000,306053,100,306045,40,306047,30,1024400021,10000,0,1024400022,7400,350,1024400023,6000,420,1024400024,1500,840,FALSE,2
102440003,0,450000,0,301000,10,,,,,1024400031,10000,0,1024400032,8000,316,1024400033,6000,420,1024400034,900,840,TRUE,2
226,0,0,0,306053,50,306045,20,,,826,10000,0,827,5600,700,828,600,420,,,,FALSE,1
227,0,0,5000,306055,50,306045,30,306047,20,829,10000,0,830,8800,700,831,5700,420,832,800,840,FALSE,2
228,0,450000,0,301000,10,,,,,833,10000,0,834,8000,2592,835,6000,420,836,900,840,TRUE,2
103500001,0,0,0,306045,60,,,,,1035000011,10000,0,1035000012,4800,980,1035000013,1300,840,,,,FALSE,1
103500002,0,0,5000,306046,20,306049,20,306048,20,1035000021,10000,0,1035000022,8500,700,1035000023,5900,840,1035000024,1400,1680,FALSE,2
103500003,0,450000,0,301000,10,,,,,1035000031,10000,0,1035000032,8000,581,1035000033,6000,840,1035000034,900,1680,TRUE,2
103510001,0,0,0,306045,20,306046,10,,,1035100011,10000,0,1035100012,5600,980,1035100013,1200,840,,,,FALSE,1
103510002,0,0,5000,306029,80,306045,40,306046,30,1035100021,10000,0,1035100022,9500,700,1035100023,6000,840,1035100024,1300,1680,FALSE,2
103510003,0,450000,0,301000,10,,,,,1035100031,10000,0,1035100032,8000,593,1035100033,6000,840,1035100034,900,1680,TRUE,2
103520001,0,0,0,306045,20,306049,10,,,1035200011,10000,0,1035200012,4800,980,1035200013,1300,840,,,,FALSE,1
103520002,0,0,5000,306007,80,306045,40,306049,30,1035200021,10000,0,1035200022,8400,700,1035200023,6000,840,1035200024,1400,1680,FALSE,2
103520003,0,450000,0,301000,10,,,,,1035200031,10000,0,1035200032,8000,605,1035200033,6000,840,1035200034,900,1680,TRUE,2
103530001,0,0,0,306045,30,306048,20,,,1035300011,10000,0,1035300012,5600,980,1035300013,1200,840,,,,FALSE,1
103530002,0,0,5000,306017,100,306045,40,306048,30,1035300021,10000,0,1035300022,7600,700,1035300023,6600,840,1035300024,1400,1680,FALSE,2
103530003,0,450000,0,301000,10,,,,,1035300031,10000,0,1035300032,8000,619,1035300033,6000,840,1035300034,900,1680,TRUE,2
103540001,0,0,0,306045,30,306047,20,,,1035400011,10000,0,1035400012,5600,980,1035400013,1200,840,,,,FALSE,1
103540002,0,0,5000,306055,100,306045,40,306047,30,1035400021,10000,0,1035400022,8800,700,1035400023,5700,840,1035400024,1400,1680,FALSE,2
103540003,0,450000,0,301000,10,,,,,1035400031,10000,0,1035400032,8000,633,1035400033,6000,840,1035400034,900,1680,TRUE,2
104500001,0,0,0,306045,60,,,,,1045000011,10000,0,1045000012,3000,980,1045000013,1700,840,,,,FALSE,1
104500002,0,0,5000,306046,20,306049,20,306048,20,1045000021,10000,0,1045000022,6300,700,1045000023,5300,840,1045000024,1800,1680,FALSE,2
104500003,0,450000,0,301000,10,,,,,1045000031,10000,0,1045000032,8000,581,1045000033,6000,840,1045000034,900,1680,TRUE,2
104510001,0,0,0,306045,30,306046,10,,,1045100011,10000,0,1045100012,3700,980,1045100013,1500,840,,,,FALSE,1
104510002,0,0,5000,306030,80,306045,30,306046,20,1045100021,10000,0,1045100022,7500,700,1045100023,4800,840,1045100024,1700,1680,FALSE,2
104510003,0,450000,0,301000,10,,,,,1045100031,10000,0,1045100032,8000,593,1045100033,6000,840,1045100034,900,1680,TRUE,2
104520001,0,0,0,306045,30,306049,10,,,1045200011,10000,0,1045200012,3700,980,1045200013,1500,840,,,,FALSE,1
104520002,0,0,5000,306008,80,306045,30,306049,20,1045200021,10000,0,1045200022,8000,700,1045200023,5000,840,1045200024,1600,1680,FALSE,2
104520003,0,450000,0,301000,10,,,,,1045200031,10000,0,1045200032,8000,605,1045200033,6000,840,1045200034,900,1680,TRUE,2
104530001,0,0,0,306045,30,306048,30,,,1045300011,10000,0,1045300012,3400,980,1045300013,1600,840,,,,FALSE,1
104530002,0,0,5000,306015,100,306045,40,306048,30,1045300021,10000,0,1045300022,9100,700,1045300023,4000,840,1045300024,1700,1680,FALSE,2
104530003,0,450000,0,301000,10,,,,,1045300031,10000,0,1045300032,8000,619,1045300033,6000,840,1045300034,900,1680,TRUE,2
104540001,0,0,0,306045,30,306047,30,,,1045400011,10000,0,1045400012,3400,980,1045400013,1600,840,,,,FALSE,1
104540002,0,0,5000,306054,100,306045,40,306047,30,1045400021,10000,0,1045400022,7300,700,1045400023,4600,840,1045400024,1800,1680,FALSE,2
104540003,0,450000,0,301000,10,,,,,1045400031,10000,0,1045400032,8000,633,1045400033,6000,840,1045400034,900,1680,TRUE,2
105400001,0,0,0,306045,60,,,,,1054000011,10000,0,1054000012,6800,980,1054000013,1100,840,,,,FALSE,1
105400002,0,0,5000,306046,20,306049,20,306048,20,1054000021,10000,0,1054000022,8900,700,1054000023,7500,840,1054000024,1200,1680,FALSE,2
105400003,0,450000,0,301000,10,,,,,1054000031,10000,0,1054000032,8000,581,1054000033,6000,840,1054000034,500,1680,TRUE,2
105410001,0,0,0,306045,30,306046,10,,,1054100011,10000,0,1054100012,8500,980,1054100013,1000,840,,,,FALSE,1
105410002,0,0,5000,306029,80,306045,30,306046,20,1054100021,10000,0,1054100022,9600,700,1054100023,8300,840,1054100024,1100,1680,FALSE,2
105410003,0,450000,0,301000,10,,,,,1054100031,10000,0,1054100032,8000,593,1054100033,6000,840,1054100034,500,1680,TRUE,2
105420001,0,0,0,306045,30,306049,10,,,1054200011,10000,0,1054200012,6800,980,1054200013,1100,840,,,,FALSE,1
105420002,0,0,5000,306006,80,306045,30,306049,20,1054200021,10000,0,1054200022,8400,700,1054200023,7900,840,1054200024,1200,1680,FALSE,2
105420003,0,450000,0,301000,10,,,,,1054200031,10000,0,1054200032,8000,605,1054200033,6000,840,1054200034,500,1680,TRUE,2
105430001,0,0,0,306045,30,306048,30,,,1054300011,10000,0,1054300012,8500,980,1054300013,1000,840,,,,FALSE,1
105430002,0,0,5000,306016,100,306045,40,306048,30,1054300021,10000,0,1054300022,9000,700,1054300023,8900,840,1054300024,1100,1680,FALSE,2
105430003,0,450000,0,301000,10,,,,,1054300031,10000,0,1054300032,8000,619,1054300033,6000,840,1054300034,500,1680,TRUE,2
105440001,0,0,0,306045,30,306047,30,,,1054400011,10000,0,1054400012,8500,980,1054400013,1000,840,,,,FALSE,1
105440002,0,0,5000,306055,100,306045,40,306047,30,1054400021,10000,0,1054400022,9000,700,1054400023,8900,840,1054400024,1100,1680,FALSE,2
105440003,0,450000,0,301000,10,,,,,1054400031,10000,0,1054400032,8000,633,1054400033,6000,840,1054400034,500,1680,TRUE,2
120010011,0,0,0,600102,40,,,,,1200100111,10000,0,,,,,,,,,,FALSE,1
120010012,0,0,0,600102,40,,,,,1200100121,10000,0,,,,,,,,,,FALSE,1
120010013,0,0,0,600102,40,,,,,1200100131,10000,0,,,,,,,,,,FALSE,1
120010021,0,0,0,600102,100,600103,40,,,1200100211,10000,0,,,,,,,,,,FALSE,1
120010022,0,0,0,600102,100,600103,40,,,1200100221,10000,0,,,,,,,,,,FALSE,1
120010023,0,0,0,600102,100,600103,40,,,1200100231,10000,0,,,,,,,,,,FALSE,1
120010031,0,0,0,600102,50,600103,20,600104,10,1200100311,10000,0,,,,,,,,,,FALSE,1
120010032,0,0,0,600102,50,600103,20,600104,10,1200100321,10000,0,,,,,,,,,,FALSE,1
120010033,0,0,0,600102,50,600103,20,600104,10,1200100331,10000,0,,,,,,,,,,FALSE,1
101500001,0,0,0,306080,160,306070,90,,,1015000011,10000,0,1015000012,6000,1080,1015000013,1100,2160,1015000014,1000,4320,FALSE,1
101500002,0,0,0,306080,160,306070,90,,,1015000021,10000,0,1015000022,6000,1080,1015000023,1100,2160,1015000024,1000,4320,FALSE,1
101510001,0,0,0,306075,120,306070,30,306071,20,1015100011,10000,0,1015100012,6000,1080,1015100013,1100,2160,1015100014,1000,4320,FALSE,1
101510002,0,0,0,306075,120,306070,30,306071,20,1015100021,10000,0,1015100022,6000,1080,1015100023,1100,2160,1015100024,1000,4320,FALSE,1
101520001,0,0,0,306075,120,306070,30,306074,20,1015200011,10000,0,1015200012,6000,1080,1015200013,1100,2160,1015200014,1000,4320,FALSE,1
101520002,0,0,0,306075,120,306070,30,306074,20,1015200021,10000,0,1015200022,6000,1080,1015200023,1100,2160,1015200024,1000,4320,FALSE,1
101520003,0,0,0,306075,120,306070,30,306074,20,1015200031,10000,0,1015200032,6000,1080,1015200033,1100,2160,1015200034,1000,4320,FALSE,1
101530001,0,0,0,306080,160,306070,50,306073,30,1015300011,10000,0,1015300012,6000,1080,1015300013,1100,2160,1015300014,1000,4320,FALSE,1
101530002,0,0,0,306080,160,306070,50,306073,30,1015300021,10000,0,1015300022,6000,1080,1015300023,1100,2160,1015300024,1000,4320,FALSE,1
101540001,0,0,0,306080,160,306070,50,306072,30,1015400011,10000,0,1015400012,6000,1080,1015400013,1100,2160,1015400014,1000,4320,FALSE,1
101540002,0,0,0,306080,160,306070,50,306072,30,1015400021,10000,0,1015400022,6000,1080,1015400023,1100,2160,1015400024,1000,4320,FALSE,1
101540003,0,0,0,306080,160,306070,50,306072,30,1015400031,10000,0,1015400032,6000,1080,1015400033,1100,2160,1015400034,1000,4320,FALSE,1
102500011,0,0,0,306082,160,306070,90,,,1025000111,10000,0,1025000112,6000,1080,1025000113,1100,2160,1025000114,1000,4320,FALSE,1
102500012,0,0,0,306082,160,306070,90,,,1025000121,10000,0,1025000122,6000,1080,1025000123,1100,2160,1025000124,1000,4320,FALSE,1
102510011,0,0,0,306077,120,306070,30,306071,20,1025100111,10000,0,1025100112,6000,1080,1025100113,1100,2160,1025100114,1000,4320,FALSE,1
102510012,0,0,0,306077,120,306070,30,306071,20,1025100121,10000,0,1025100122,6000,1080,1025100123,1100,2160,1025100124,1000,4320,FALSE,1
102520011,0,0,0,306077,120,306070,30,306074,20,1025200111,10000,0,1025200112,6000,1080,1025200113,1100,2160,1025200114,1000,4320,FALSE,1
102520012,0,0,0,306077,120,306070,30,306074,20,1025200121,10000,0,1025200122,6000,1080,1025200123,1100,2160,1025200124,1000,4320,FALSE,1
102520013,0,0,0,306077,120,306070,30,306074,20,1025200131,10000,0,1025200132,6000,1080,1025200133,1100,2160,1025200134,1000,4320,FALSE,1
102530011,0,0,0,306082,160,306070,50,306073,30,1025300111,10000,0,1025300112,6000,1080,1025300113,1100,2160,1025300114,1000,4320,FALSE,1
102530012,0,0,0,306082,160,306070,50,306073,30,1025300121,10000,0,1025300122,6000,1080,1025300123,1100,2160,1025300124,1000,4320,FALSE,1
102540011,0,0,0,306082,160,306070,50,306072,30,1025400111,10000,0,1025400112,6000,1080,1025400113,1100,2160,1025400114,1000,4320,FALSE,1
102540012,0,0,0,306082,160,306070,50,306072,30,1025400121,10000,0,1025400122,6000,1080,1025400123,1100,2160,1025400124,1000,4320,FALSE,1
102540013,0,0,0,306082,160,306070,50,306072,30,1025400131,10000,0,1025400132,6000,1080,1025400133,1100,2160,1025400134,1000,4320,FALSE,1
103500011,0,0,0,306081,160,306070,90,,,1035000111,10000,0,1035000112,6000,1080,1035000113,1100,2160,1035000114,1000,4320,FALSE,1
103500012,0,0,0,306081,160,306070,90,,,1035000121,10000,0,1035000122,6000,1080,1035000123,1100,2160,1035000124,1000,4320,FALSE,1
103510011,0,0,0,306076,120,306070,30,306071,20,1035100111,10000,0,1035100112,6000,1080,1035100113,1100,2160,1035100114,1000,4320,FALSE,1
103510012,0,0,0,306076,120,306070,30,306071,20,1035100121,10000,0,1035100122,6000,1080,1035100123,1100,2160,1035100124,1000,4320,FALSE,1
103520011,0,0,0,306076,120,306070,30,306074,20,1035200111,10000,0,1035200112,6000,1080,1035200113,1100,2160,1035200114,1000,4320,FALSE,1
103520012,0,0,0,306076,120,306070,30,306074,20,1035200121,10000,0,1035200122,6000,1080,1035200123,1100,2160,1035200124,1000,4320,FALSE,1
103520013,0,0,0,306076,120,306070,30,306074,20,1035200131,10000,0,1035200132,6000,1080,1035200133,1100,2160,1035200134,1000,4320,FALSE,1
103530011,0,0,0,306081,160,306070,50,306073,30,1035300111,10000,0,1035300112,6000,1080,1035300113,1100,2160,1035300114,1000,4320,FALSE,1
103530012,0,0,0,306081,160,306070,50,306073,30,1035300121,10000,0,1035300122,6000,1080,1035300123,1100,2160,1035300124,1000,4320,FALSE,1
103540011,0,0,0,306081,160,306070,50,306072,30,1035400111,10000,0,1035400112,6000,1080,1035400113,1100,2160,1035400114,1000,4320,FALSE,1
103540012,0,0,0,306081,160,306070,50,306072,30,1035400121,10000,0,1035400122,6000,1080,1035400123,1100,2160,1035400124,1000,4320,FALSE,1
103540013,0,0,0,306081,160,306070,50,306072,30,1035400131,10000,0,1035400132,6000,1080,1035400133,1100,2160,1035400134,1000,4320,FALSE,1
104500011,0,0,0,306083,160,306070,90,,,1045000111,10000,0,1045000112,6000,1080,1045000113,1100,2160,1045000114,1000,4320,FALSE,1
104500012,0,0,0,306083,160,306070,90,,,1045000121,10000,0,1045000122,6000,1080,1045000123,1100,2160,1045000124,1000,4320,FALSE,1
104510011,0,0,0,306078,120,306070,30,306071,20,1045100111,10000,0,1045100112,6000,1080,1045100113,1100,2160,1045100114,1000,4320,FALSE,1
104510012,0,0,0,306078,120,306070,30,306071,20,1045100121,10000,0,1045100122,6000,1080,1045100123,1100,2160,1045100124,1000,4320,FALSE,1
104520011,0,0,0,306078,120,306070,30,306074,20,1045200111,10000,0,1045200112,6000,1080,1045200113,1100,2160,1045200114,1000,4320,FALSE,1
104520012,0,0,0,306078,120,306070,30,306074,20,1045200121,10000,0,1045200122,6000,1080,1045200123,1100,2160,1045200124,1000,4320,FALSE,1
104520013,0,0,0,306078,120,306070,30,306074,20,1045200131,10000,0,1045200132,6000,1080,1045200133,1100,2160,1045200134,1000,4320,FALSE,1
104530011,0,0,0,306083,160,306070,50,306073,30,1045300111,10000,0,1045300112,6000,1080,1045300113,1100,2160,1045300114,1000,4320,FALSE,1
104530012,0,0,0,306083,160,306070,50,306073,30,1045300121,10000,0,1045300122,6000,1080,1045300123,1100,2160,1045300124,1000,4320,FALSE,1
104540011,0,0,0,306083,160,306070,50,306072,30,1045400111,10000,0,1045400112,6000,1080,1045400113,1100,2160,1045400114,1000,4320,FALSE,1
104540012,0,0,0,306083,160,306070,50,306072,30,1045400121,10000,0,1045400122,6000,1080,1045400123,1100,2160,1045400124,1000,4320,FALSE,1
104540013,0,0,0,306083,160,306070,50,306072,30,1045400131,10000,0,1045400132,6000,1080,1045400133,1100,2160,1045400134,1000,4320,FALSE,1
105500001,0,0,0,306084,160,306070,90,,,1055000011,10000,0,1055000012,6000,1080,1055000013,1100,2160,1055000014,1000,4320,FALSE,1
105500002,0,0,0,306084,160,306070,90,,,1055000021,10000,0,1055000022,6000,1080,1055000023,1100,2160,1055000024,1000,4320,FALSE,1
105510001,0,0,0,306079,120,306070,30,306071,20,1055100011,10000,0,1055100012,6000,1080,1055100013,1100,2160,1055100014,1000,4320,FALSE,1
105510002,0,0,0,306079,120,306070,30,306071,20,1055100021,10000,0,1055100022,6000,1080,1055100023,1100,2160,1055100024,1000,4320,FALSE,1
105520001,0,0,0,306079,120,306070,30,306074,20,1055200011,10000,0,1055200012,6000,1080,1055200013,1100,2160,1055200014,1000,4320,FALSE,1
105520002,0,0,0,306079,120,306070,30,306074,20,1055200021,10000,0,1055200022,6000,1080,1055200023,1100,2160,1055200024,1000,4320,FALSE,1
105520003,0,0,0,306079,120,306070,30,306074,20,1055200031,10000,0,1055200032,6000,1080,1055200033,1100,2160,1055200034,1000,4320,FALSE,1
105530001,0,0,0,306084,160,306070,50,306073,30,1055300011,10000,0,1055300012,6000,1080,1055300013,1100,2160,1055300014,1000,4320,FALSE,1
105530002,0,0,0,306084,160,306070,50,306073,30,1055300021,10000,0,1055300022,6000,1080,1055300023,1100,2160,1055300024,1000,4320,FALSE,1
105540001,0,0,0,306084,160,306070,50,306072,30,1055400011,10000,0,1055400012,6000,1080,1055400013,1100,2160,1055400014,1000,4320,FALSE,1
105540002,0,0,0,306084,160,306070,50,306072,30,1055400021,10000,0,1055400022,6000,1080,1055400023,1100,2160,1055400024,1000,4320,FALSE,1
105540003,0,0,0,306084,160,306070,50,306072,30,1055400031,10000,0,1055400032,6000,1080,1055400033,1100,2160,1055400034,1000,4320,FALSE,1
106100001,0,0,1,,,,,,,1061000011,10000,0,1061000012,10000,0,1061000013,10000,0,,,,FALSE,1
106200001,0,0,1,,,,,,,1062000011,10000,0,1062000012,10000,0,1062000013,10000,0,,,,FALSE,1
106300001,0,0,1,,,,,,,1063000011,10000,0,1063000012,10000,0,1063000013,10000,0,,,,FALSE,1
106200011,0,0,1,,,,,,,1062000111,10000,0,1062000112,10000,0,1062000113,10000,0,1062000114,10000,0,FALSE,1
106300011,0,0,1,,,,,,,1063000111,10000,0,1063000112,10000,0,1063000113,10000,0,1063000114,10000,0,FALSE,1
106400011,0,0,1,,,,,,,1064000111,10000,0,1064000112,10000,0,1064000113,10000,0,1064000114,10000,0,FALSE,1
106500011,0,0,1,,,,,,,1065000111,10000,0,1065000112,10000,0,1065000113,10000,0,1065000114,10000,0,FALSE,1
106500021,0,0,1,,,,,,,1065000121,10000,0,1065000122,10000,0,1065000123,10000,0,1065000124,10000,0,FALSE,1
106200021,0,0,1,,,,,,,1062000211,10000,0,1062000212,10000,0,1062000213,10000,0,,,,FALSE,1
106300021,0,0,1,,,,,,,1063000211,10000,0,1063000212,10000,0,1063000213,10000,0,,,,FALSE,1
106400021,0,0,1,,,,,,,1064000211,10000,0,1064000212,10000,0,1064000213,10000,0,,,,FALSE,1
106500031,0,0,1,,,,,,,1065000311,10000,0,1065000312,10000,0,1065000313,10000,0,,,,FALSE,1
106500041,0,0,1,,,,,,,1065000411,10000,0,1065000412,10000,0,1065000413,10000,0,,,,FALSE,1
106200031,0,0,1,,,,,,,1062000311,10000,0,1062000312,10000,0,1062000313,10000,0,,,,FALSE,1
106300031,0,0,1,,,,,,,1063000311,10000,0,1063000312,10000,0,1063000313,10000,0,,,,FALSE,1
106400031,0,0,1,,,,,,,1064000311,10000,0,1064000312,10000,0,1064000313,10000,0,,,,FALSE,1
106500051,0,0,1,,,,,,,1065000511,10000,0,1065000512,10000,0,1065000513,10000,0,,,,FALSE,1
106500061,0,0,1,,,,,,,1065000611,10000,0,1065000612,10000,0,1065000613,10000,0,,,,FALSE,1
101500011,0,0,0,306095,150,306085,30,,,1015000111,10000,0,1015000112,6000,1080,1015000113,1500,2160,1015000114,1300,4320,FALSE,1
101500012,0,0,0,306095,150,306085,30,,,1015000121,10000,0,1015000122,6000,1080,1015000123,1500,2160,1015000124,1300,4320,FALSE,1
101510011,0,0,0,306090,150,306086,30,,,1015100111,10000,0,1015100112,6000,1080,1015100113,1500,2160,1015100114,1300,4320,FALSE,1
101510012,0,0,0,306090,150,306086,30,,,1015100121,10000,0,1015100122,6000,1080,1015100123,1500,2160,1015100124,1300,4320,FALSE,1
101520011,0,0,0,306090,150,306087,30,,,1015200111,10000,0,1015200112,6000,1080,1015200113,1500,2160,1015200114,1300,4320,FALSE,1
101520012,0,0,0,306090,150,306087,30,,,1015200121,10000,0,1015200122,6000,1080,1015200123,1500,2160,1015200124,1300,4320,FALSE,1
101520013,0,0,0,306090,150,306087,30,,,1015200131,10000,0,1015200132,6000,1080,1015200133,1500,2160,1015200134,1300,4320,FALSE,1
101530011,0,0,0,306095,150,306088,30,,,1015300111,10000,0,1015300112,6000,1080,1015300113,1500,2160,1015300114,1300,4320,FALSE,1
101530012,0,0,0,306095,150,306088,30,,,1015300121,10000,0,1015300122,6000,1080,1015300123,1500,2160,1015300124,1300,4320,FALSE,1
101540011,0,0,0,306090,150,306095,150,306089,40,1015400111,10000,0,1015400112,6000,1080,1015400113,1500,2160,1015400114,1300,4320,FALSE,1
101540012,0,0,0,306090,150,306095,150,306089,40,1015400121,10000,0,1015400122,6000,1080,1015400123,1500,2160,1015400124,1300,4320,FALSE,1
101540013,0,0,0,306090,150,306095,150,306089,40,1015400131,10000,0,1015400132,6000,1080,1015400133,1500,2160,1015400134,1300,4320,FALSE,1
102500001,0,0,0,306097,150,306085,30,,,1025000011,10000,0,1025000012,6000,1080,1025000013,1500,2160,1025000014,1300,4320,FALSE,1
102500002,0,0,0,306097,150,306085,30,,,1025000021,10000,0,1025000022,6000,1080,1025000023,1500,2160,1025000024,1300,4320,FALSE,1
102510001,0,0,0,306091,150,306086,30,,,1025100011,10000,0,1025100012,6000,1080,1025100013,1500,2160,1025100014,1300,4320,FALSE,1
102510002,0,0,0,306091,150,306086,30,,,1025100021,10000,0,1025100022,6000,1080,1025100023,1500,2160,1025100024,1300,4320,FALSE,1
102520001,0,0,0,306091,150,306087,30,,,1025200011,10000,0,1025200012,6000,1080,1025200013,1500,2160,1025200014,1300,4320,FALSE,1
102520002,0,0,0,306091,150,306087,30,,,1025200021,10000,0,1025200022,6000,1080,1025200023,1500,2160,1025200024,1300,4320,FALSE,1
102520003,0,0,0,306091,150,306087,30,,,1025200031,10000,0,1025200032,6000,1080,1025200033,1500,2160,1025200034,1300,4320,FALSE,1
102530001,0,0,0,306097,150,306088,30,,,1025300011,10000,0,1025300012,6000,1080,1025300013,1500,2160,1025300014,1300,4320,FALSE,1
102530002,0,0,0,306097,150,306088,30,,,1025300021,10000,0,1025300022,6000,1080,1025300023,1500,2160,1025300024,1300,4320,FALSE,1
102540001,0,0,0,306092,150,306097,150,306089,40,1025400011,10000,0,1025400012,6000,1080,1025400013,1500,2160,1025400014,1300,4320,FALSE,1
102540002,0,0,0,306091,150,306097,150,306089,40,1025400021,10000,0,1025400022,6000,1080,1025400023,1500,2160,1025400024,1300,4320,FALSE,1
102540003,0,0,0,306091,150,306097,150,306089,40,1025400031,10000,0,1025400032,6000,1080,1025400033,1500,2160,1025400034,1300,4320,FALSE,1
103500021,0,0,0,306096,150,306085,30,,,1035000211,10000,0,1035000212,6000,1080,1035000213,1500,2160,1035000214,1300,4320,FALSE,1
103500022,0,0,0,306096,150,306085,30,,,1035000221,10000,0,1035000222,6000,1080,1035000223,1500,2160,1035000224,1300,4320,FALSE,1
103510021,0,0,0,306092,150,306086,30,,,1035100211,10000,0,1035100212,6000,1080,1035100213,1500,2160,1035100214,1300,4320,FALSE,1
103510022,0,0,0,306092,150,306086,30,,,1035100221,10000,0,1035100222,6000,1080,1035100223,1500,2160,1035100224,1300,4320,FALSE,1
103520021,0,0,0,306092,150,306087,30,,,1035200211,10000,0,1035200212,6000,1080,1035200213,1500,2160,1035200214,1300,4320,FALSE,1
103520022,0,0,0,306092,150,306087,30,,,1035200221,10000,0,1035200222,6000,1080,1035200223,1500,2160,1035200224,1300,4320,FALSE,1
103520023,0,0,0,306092,150,306087,30,,,1035200231,10000,0,1035200232,6000,1080,1035200233,1500,2160,1035200234,1300,4320,FALSE,1
103530021,0,0,0,306096,150,306088,30,,,1035300211,10000,0,1035300212,6000,1080,1035300213,1500,2160,1035300214,1300,4320,FALSE,1
103530022,0,0,0,306096,150,306088,30,,,1035300221,10000,0,1035300222,6000,1080,1035300223,1500,2160,1035300224,1300,4320,FALSE,1
103540021,0,0,0,306092,150,306096,150,306089,40,1035400211,10000,0,1035400212,6000,1080,1035400213,1500,2160,1035400214,1300,4320,FALSE,1
103540022,0,0,0,306092,150,306096,150,306089,40,1035400221,10000,0,1035400222,6000,1080,1035400223,1500,2160,1035400224,1300,4320,FALSE,1
103540023,0,0,0,306092,150,306096,150,306089,40,1035400231,10000,0,1035400232,6000,1080,1035400233,1500,2160,1035400234,1300,4320,FALSE,1
104500021,0,0,0,306098,150,306085,30,,,1045000211,10000,0,1045000212,6000,1080,1045000213,1500,2160,1045000214,1300,4320,FALSE,1
104500022,0,0,0,306098,150,306085,30,,,1045000221,10000,0,1045000222,6000,1080,1045000223,1500,2160,1045000224,1300,4320,FALSE,1
104510021,0,0,0,306093,150,306086,30,,,1045100211,10000,0,1045100212,6000,1080,1045100213,1500,2160,1045100214,1300,4320,FALSE,1
104510022,0,0,0,306093,150,306086,30,,,1045100221,10000,0,1045100222,6000,1080,1045100223,1500,2160,1045100224,1300,4320,FALSE,1
104520021,0,0,0,306093,150,306087,30,,,1045200211,10000,0,1045200212,6000,1080,1045200213,1500,2160,1045200214,1300,4320,FALSE,1
104520022,0,0,0,306093,150,306087,30,,,1045200221,10000,0,1045200222,6000,1080,1045200223,1500,2160,1045200224,1300,4320,FALSE,1
104520023,0,0,0,306093,150,306087,30,,,1045200231,10000,0,1045200232,6000,1080,1045200233,1500,2160,1045200234,1300,4320,FALSE,1
104530021,0,0,0,306098,150,306088,30,,,1045300211,10000,0,1045300212,6000,1080,1045300213,1500,2160,1045300214,1300,4320,FALSE,1
104530022,0,0,0,306098,150,306088,30,,,1045300221,10000,0,1045300222,6000,1080,1045300223,1500,2160,1045300224,1300,4320,FALSE,1
104540021,0,0,0,306093,150,306098,150,306089,40,1045400211,10000,0,1045400212,6000,1080,1045400213,1500,2160,1045400214,1300,4320,FALSE,1
104540022,0,0,0,306093,150,306098,150,306089,40,1045400221,10000,0,1045400222,6000,1080,1045400223,1500,2160,1045400224,1300,4320,FALSE,1
104540023,0,0,0,306093,150,306098,150,306089,40,1045400231,10000,0,1045400232,6000,1080,1045400233,1500,2160,1045400234,1300,4320,FALSE,1
105500011,0,0,0,306099,150,306085,30,,,1055000111,10000,0,1055000112,6000,1080,1055000113,1500,2160,1055000114,1300,4320,FALSE,1
105500012,0,0,0,306099,150,306085,30,,,1055000121,10000,0,1055000122,6000,1080,1055000123,1500,2160,1055000124,1300,4320,FALSE,1
105510011,0,0,0,306094,150,306086,30,,,1055100111,10000,0,1055100112,6000,1080,1055100113,1500,2160,1055100114,1300,4320,FALSE,1
105510012,0,0,0,306094,150,306086,30,,,1055100121,10000,0,1055100122,6000,1080,1055100123,1500,2160,1055100124,1300,4320,FALSE,1
105520011,0,0,0,306094,150,306087,30,,,1055200111,10000,0,1055200112,6000,1080,1055200113,1500,2160,1055200114,1300,4320,FALSE,1
105520012,0,0,0,306094,150,306087,30,,,1055200121,10000,0,1055200122,6000,1080,1055200123,1500,2160,1055200124,1300,4320,FALSE,1
105520013,0,0,0,306094,150,306087,30,,,1055200131,10000,0,1055200132,6000,1080,1055200133,1500,2160,1055200134,1300,4320,FALSE,1
105530011,0,0,0,306099,150,306088,30,,,1055300111,10000,0,1055300112,6000,1080,1055300113,1500,2160,1055300114,1300,4320,FALSE,1
105530012,0,0,0,306099,150,306088,30,,,1055300121,10000,0,1055300122,6000,1080,1055300123,1500,2160,1055300124,1300,4320,FALSE,1
105540011,0,0,0,306094,150,306099,150,306089,40,1055400111,10000,0,1055400112,6000,1080,1055400113,1500,2160,1055400114,1300,4320,FALSE,1
105540012,0,0,0,306094,150,306099,150,306089,40,1055400121,10000,0,1055400122,6000,1080,1055400123,1500,2160,1055400124,1300,4320,FALSE,1
105540013,0,0,0,306094,150,306099,150,306089,40,1055400131,10000,0,1055400132,6000,1080,1055400133,1500,2160,1055400134,1300,4320,FALSE,1
106400041,0,0,1,,,,,,,1064000411,10000,0,1064000412,10000,0,1064000413,10000,0,1064000414,10000,0,FALSE,1
106500071,0,0,1,,,,,,,1065000711,10000,0,1065000712,10000,0,1065000713,10000,0,1065000714,10000,0,FALSE,1
106600001,0,0,1,,,,,,,1066000011,10000,0,1066000012,10000,0,1066000013,10000,0,1066000014,10000,0,FALSE,1
107300001,0,0,1,,,,,,,1073000011,10000,0,1073000012,10000,0,1073000013,10000,0,1073000014,10000,0,FALSE,1
107300011,0,0,1,,,,,,,1073000011,10000,0,1073000012,10000,0,1073000013,10000,0,1073000114,10000,0,FALSE,1
107300021,0,0,1,,,,,,,1073000011,10000,0,1073000012,10000,0,1073000013,10000,0,1073000214,10000,0,FALSE,1
107300031,0,0,1,,,,,,,1073000311,10000,0,1073000312,10000,0,1073000313,10000,0,1073000314,10000,0,FALSE,1
107300041,0,0,1,,,,,,,1073000311,10000,0,1073000312,10000,0,1073000313,10000,0,1073000414,10000,0,FALSE,1
107300051,0,0,1,,,,,,,1073000311,10000,0,1073000312,10000,0,1073000313,10000,0,1073000514,10000,0,FALSE,1
107300061,0,0,1,,,,,,,1073000611,10000,0,1073000612,10000,0,1073000613,10000,0,1073000614,10000,0,FALSE,1
107300071,0,0,1,,,,,,,1073000611,10000,0,1073000612,10000,0,1073000613,10000,0,1073000714,10000,0,FALSE,1
107300081,0,0,1,,,,,,,1073000611,10000,0,1073000612,10000,0,1073000613,10000,0,1073000814,10000,0,FALSE,1
107400001,0,0,1,,,,,,,1074000011,10000,0,1074000012,10000,0,1074000013,10000,0,1074000014,10000,0,FALSE,1
107400011,0,0,1,,,,,,,1074000011,10000,0,1074000012,10000,0,1074000013,10000,0,1074000114,10000,0,FALSE,1
107400021,0,0,1,,,,,,,1074000011,10000,0,1074000012,10000,0,1074000013,10000,0,1074000214,10000,0,FALSE,1
107400031,0,0,1,,,,,,,1074000311,10000,0,1074000312,10000,0,1074000313,10000,0,1074000314,10000,0,FALSE,1
107400041,0,0,1,,,,,,,1074000311,10000,0,1074000312,10000,0,1074000313,10000,0,1074000414,10000,0,FALSE,1
107400051,0,0,1,,,,,,,1074000311,10000,0,1074000312,10000,0,1074000313,10000,0,1074000514,10000,0,FALSE,1
107400061,0,0,1,,,,,,,1074000611,10000,0,1074000612,10000,0,1074000613,10000,0,1074000614,10000,0,FALSE,1
107400071,0,0,1,,,,,,,1074000611,10000,0,1074000612,10000,0,1074000613,10000,0,1074000714,10000,0,FALSE,1
107400081,0,0,1,,,,,,,1074000611,10000,0,1074000612,10000,0,1074000613,10000,0,1074000814,10000,0,FALSE,1
107500001,0,0,1,,,,,,,1075000011,10000,0,1075000012,10000,0,1075000013,10000,0,1075000014,10000,0,FALSE,1
107500011,0,0,1,,,,,,,1075000011,10000,0,1075000012,10000,0,1075000013,10000,0,1075000114,10000,0,FALSE,1
107500021,0,0,1,,,,,,,1075000011,10000,0,1075000012,10000,0,1075000013,10000,0,1075000214,10000,0,FALSE,1
107500031,0,0,1,,,,,,,1075000311,10000,0,1075000312,10000,0,1075000313,10000,0,1075000314,10000,0,FALSE,1
107500041,0,0,1,,,,,,,1075000311,10000,0,1075000312,10000,0,1075000313,10000,0,1075000414,10000,0,FALSE,1
107500051,0,0,1,,,,,,,1075000311,10000,0,1075000312,10000,0,1075000313,10000,0,1075000514,10000,0,FALSE,1
107500061,0,0,1,,,,,,,1075000611,10000,0,1075000612,10000,0,1075000613,10000,0,1075000614,10000,0,FALSE,1
107500071,0,0,1,,,,,,,1075000611,10000,0,1075000612,10000,0,1075000613,10000,0,1075000714,10000,0,FALSE,1
107500081,0,0,1,,,,,,,1075000611,10000,0,1075000612,10000,0,1075000613,10000,0,1075000814,10000,0,FALSE,1
107600001,0,0,1,,,,,,,1076000011,10000,0,1076000012,10000,0,1076000013,10000,0,1076000014,10000,0,FALSE,1
107600011,0,0,1,,,,,,,1076000011,10000,0,1076000012,10000,0,1076000013,10000,0,1076000114,10000,0,FALSE,1
107600021,0,0,1,,,,,,,1076000011,10000,0,1076000012,10000,0,1076000013,10000,0,1076000214,10000,0,FALSE,1
107600031,0,0,1,,,,,,,1076000311,10000,0,1076000312,10000,0,1076000313,10000,0,1076000314,10000,0,FALSE,1
107600041,0,0,1,,,,,,,1076000311,10000,0,1076000312,10000,0,1076000313,10000,0,1076000414,10000,0,FALSE,1
107600051,0,0,1,,,,,,,1076000311,10000,0,1076000312,10000,0,1076000313,10000,0,1076000514,10000,0,FALSE,1
107600061,0,0,1,,,,,,,1076000611,10000,0,1076000612,10000,0,1076000613,10000,0,1076000614,10000,0,FALSE,1
107600071,0,0,1,,,,,,,1076000611,10000,0,1076000612,10000,0,1076000613,10000,0,1076000714,10000,0,FALSE,1
107600081,0,0,1,,,,,,,1076000611,10000,0,1076000612,10000,0,1076000613,10000,0,1076000814,10000,0,FALSE,1
106600011,0,0,1,,,,,,,1066000111,10000,0,1066000112,10000,0,1066000113,10000,0,1066000114,10000,0,FALSE,1
106600021,0,0,1,,,,,,,1066000211,10000,0,1066000212,10000,0,1066000213,10000,0,,,,FALSE,1
106600031,0,0,1,,,,,,,1066000311,10000,0,1066000312,10000,0,1066000313,10000,0,,,,FALSE,1
106600041,0,0,1,600205,3,,,,,1066000411,10000,0,1066000412,10000,0,1066000413,10000,0,,,,FALSE,1
107600091,0,0,1,600205,3,,,,,1076000911,10000,0,1076000912,10000,0,1076000913,10000,0,1076000914,10000,0,FALSE,1