id,cost_ap,turn_limit,hp_additional,atk_additional,def_additional,cri_additional,hit_additional,spd_additional,background,bgm,item1,item1_ratio,item1_min,item1_max,item2,item2_ratio,item2_min,item2_max,item3,item3_ratio,item3_min,item3_max,item4,item4_ratio,item4_min,item4_max,item5,item5_ratio,item5_min,item5_max,item6,item6_ratio,item6_min,item6_max,item7,item7_ratio,item7_min,item7_max,item8,item8_ratio,item8_min,item8_max,item9,item9_ratio,item9_min,item9_max,item10,item10_ratio,item10_min,item10_max,min_drop,max_drop
1,5,150,0,0,0,0,0,0,chapter_01_01,bgm_yggdrasil_01,303000,1,1,1,,,,,,,,,,,,,,,,,,,,,,,,,,,,,,,,,,,,,1,1
2,5,150,0,0,0,0,0,0,chapter_01_02,bgm_yggdrasil_02,303000,1,1,1,,,,,,,,,,,,,,,,,,,,,,,,,,,,,,,,,,,,,1,1
3,5,150,4,4,4,0,4,4,chapter_01_03,bgm_yggdrasil_03,303000,1,1,1,,,,,,,,,,,,,,,,,,,,,,,,,,,,,,,,,,,,,1,1
4,5,150,4,4,4,0,4,4,chapter_01_01,bgm_yggdrasil_01,303000,1,1,1,,,,,,,,,,,,,,,,,,,,,,,,,,,,,,,,,,,,,1,1
5,5,150,0,0,0,0,0,0,chapter_01_01,bgm_yggdrasil_01,303100,1,1,1,,,,,,,,,,,,,,,,,,,,,,,,,,,,,,,,,,,,,1,1
6,5,150,0,0,0,0,0,0,chapter_01_02,bgm_yggdrasil_02,303100,1,1,1,,,,,,,,,,,,,,,,,,,,,,,,,,,,,,,,,,,,,1,1
7,5,150,0,0,0,0,0,0,chapter_01_01,bgm_yggdrasil_01,303000,0.5,1,1,303100,0.5,1,1,,,,,,,,,,,,,,,,,,,,,,,,,,,,,,,,,1,1
8,5,150,0,0,0,0,0,0,chapter_01_02,bgm_yggdrasil_02,303000,0.5,1,1,303100,0.5,1,1,,,,,,,,,,,,,,,,,,,,,,,,,,,,,,,,,1,1
9,5,150,0,0,0,0,0,0,chapter_01_01,bgm_yggdrasil_01,303200,1,1,1,,,,,,,,,,,,,,,,,,,,,,,,,,,,,,,,,,,,,1,1
10,5,150,0,0,0,0,0,0,chapter_01_03,bgm_yggdrasil_03,302000,1,1,1,302003,1,1,1,302005,1,1,1,303000,0.1,1,1,303100,0.1,1,1,303200,0.1,1,1,306023,0.7,1,3,,,,,,,,,,,,,4,4
11,5,150,0,0,0,0,0,0,chapter_01_01,bgm_yggdrasil_01,303000,0.1,1,2,303100,0.1,1,2,303200,0.1,1,2,306024,0.7,1,3,,,,,,,,,,,,,,,,,,,,,,,,,1,2
12,5,150,0,0,0,0,0,0,chapter_01_01,bgm_yggdrasil_01,303000,0.1,1,2,303100,0.1,1,2,303200,0.1,1,2,306025,0.7,1,3,,,,,,,,,,,,,,,,,,,,,,,,,1,2
13,5,150,0,0,0,0,0,0,chapter_01_02,bgm_yggdrasil_02,303000,0.1,1,2,303100,0.1,1,2,303200,0.1,1,2,306023,0.7,1,3,,,,,,,,,,,,,,,,,,,,,,,,,1,2
14,5,150,25,25,25,0,25,25,chapter_01_01,bgm_yggdrasil_01,303000,0.1,1,2,303100,0.1,1,2,303200,0.1,1,2,306024,0.7,1,3,,,,,,,,,,,,,,,,,,,,,,,,,1,2
15,5,150,25,25,25,0,25,25,chapter_01_01,bgm_yggdrasil_01,303300,1,1,1,,,,,,,,,,,,,,,,,,,,,,,,,,,,,,,,,,,,,1,1
16,5,150,20,10,20,0,36,36,chapter_01_02,bgm_yggdrasil_02,303100,0.1,1,2,303200,0.1,1,2,303300,0.1,1,2,306025,0.7,1,3,,,,,,,,,,,,,,,,,,,,,,,,,2,4
17,5,150,25,25,25,0,25,25,chapter_01_01,bgm_yggdrasil_01,303400,1,1,1,,,,,,,,,,,,,,,,,,,,,,,,,,,,,,,,,,,,,1,1
18,5,150,30,43,30,0,43,43,chapter_01_02,bgm_yggdrasil_02,303000,0.1,1,2,303100,0.1,1,2,303300,0.1,1,2,306001,0.7,1,3,,,,,,,,,,,,,,,,,,,,,,,,,2,4
19,5,150,18,18,18,0,18,18,chapter_01_01,bgm_yggdrasil_01,303000,0.1,1,2,303200,0.1,1,2,303300,0.1,1,2,306002,0.7,1,3,,,,,,,,,,,,,,,,,,,,,,,,,2,4
20,5,150,10,10,10,0,10,10,chapter_01_03,bgm_yggdrasil_03,302001,1,1,1,302002,1,1,1,303100,0.1,1,2,303200,0.1,1,2,303300,0.1,1,2,306000,0.7,1,3,,,,,,,,,,,,,,,,,4,6
21,5,150,10,10,10,0,10,10,chapter_01_01,bgm_yggdrasil_01,303000,0.1,1,2,303300,0.1,1,2,303400,0.1,1,2,306000,0.7,1,3,,,,,,,,,,,,,,,,,,,,,,,,,2,4
22,5,150,10,10,10,0,10,10,chapter_01_01,bgm_yggdrasil_01,303000,0.1,1,2,303100,0.1,1,2,303400,0.1,1,2,306001,0.7,1,3,,,,,,,,,,,,,,,,,,,,,,,,,2,4
23,5,150,10,10,10,0,10,10,chapter_01_02,bgm_yggdrasil_02,303100,0.1,1,2,303200,0.1,1,2,303300,0.1,1,2,306002,0.7,1,3,,,,,,,,,,,,,,,,,,,,,,,,,2,4
24,5,150,10,10,10,0,10,10,chapter_01_01,bgm_yggdrasil_01,303200,0.1,1,2,303300,0.1,1,2,303400,0.1,1,2,306001,0.7,1,3,,,,,,,,,,,,,,,,,,,,,,,,,2,4
25,5,150,10,10,10,0,10,10,chapter_01_01,bgm_yggdrasil_01,303000,0.1,1,2,303100,0.1,1,2,303300,0.1,1,2,306000,0.7,1,3,,,,,,,,,,,,,,,,,,,,,,,,,2,4
26,5,150,10,10,10,0,10,10,chapter_01_02,bgm_yggdrasil_02,303200,0.1,1,2,303300,0.1,1,2,303400,0.1,1,2,306001,0.7,1,3,,,,,,,,,,,,,,,,,,,,,,,,,2,4
27,5,150,10,10,10,0,10,10,chapter_01_01,bgm_yggdrasil_01,303001,1,1,1,,,,,,,,,,,,,,,,,,,,,,,,,,,,,,,,,,,,,1,1
28,5,150,57,57,57,0,57,57,chapter_01_02,bgm_yggdrasil_02,303001,0.1,1,2,303200,0.1,1,2,303400,0.1,1,2,306000,0.7,1,3,,,,,,,,,,,,,,,,,,,,,,,,,2,4
29,5,150,35,35,35,0,35,35,chapter_01_01,bgm_yggdrasil_01,303001,0.1,1,2,303100,0.1,1,2,303200,0.1,1,2,306023,0.7,1,3,,,,,,,,,,,,,,,,,,,,,,,,,2,4
30,5,150,34,34,34,0,34,34,chapter_01_03,bgm_yggdrasil_03,302000,1,1,1,302003,1,1,1,302005,1,1,1,303100,0.1,1,2,303300,0.1,1,2,303400,0.1,1,2,306002,0.7,1,3,,,,,,,,,,,,,5,7
31,5,150,33,33,33,0,33,33,chapter_01_01,bgm_yggdrasil_01,303100,0.1,1,2,303200,0.1,1,2,303300,0.1,1,2,306024,0.7,1,3,,,,,,,,,,,,,,,,,,,,,,,,,2,4
32,5,150,32,32,32,0,32,32,chapter_01_01,bgm_yggdrasil_01,303100,0.1,1,2,303300,0.1,1,2,303400,0.1,1,2,306002,0.7,1,3,,,,,,,,,,,,,,,,,,,,,,,,,2,4
33,5,150,31,31,31,0,31,31,chapter_01_02,bgm_yggdrasil_02,303100,0.1,1,2,303200,0.1,1,2,303400,0.1,1,2,306001,0.7,1,3,,,,,,,,,,,,,,,,,,,,,,,,,2,4
34,5,150,30,30,30,0,30,30,chapter_01_01,bgm_yggdrasil_01,303001,0.1,1,2,303100,0.1,1,2,303400,0.1,1,2,306025,0.7,1,3,,,,,,,,,,,,,,,,,,,,,,,,,2,4
35,5,150,29,29,29,0,29,29,chapter_01_01,bgm_yggdrasil_01,303101,1,1,1,,,,,,,,,,,,,,,,,,,,,,,,,,,,,,,,,,,,,1,1
36,5,150,28,28,28,0,28,28,chapter_01_02,bgm_yggdrasil_02,303101,0.1,1,2,303200,0.1,1,2,303300,0.1,1,2,306023,0.7,1,3,,,,,,,,,,,,,,,,,,,,,,,,,2,4
37,5,150,27,27,27,0,27,27,chapter_01_01,bgm_yggdrasil_01,303001,0.1,1,2,303101,0.1,1,2,303300,0.1,1,2,306002,0.7,1,3,,,,,,,,,,,,,,,,,,,,,,,,,2,4
38,5,150,26,26,26,0,26,26,chapter_01_02,bgm_yggdrasil_02,303001,0.1,1,2,303200,0.1,1,2,303400,0.1,1,2,306024,0.7,1,3,,,,,,,,,,,,,,,,,,,,,,,,,2,4
39,5,150,25,25,25,0,25,25,chapter_01_01,bgm_yggdrasil_01,303101,0.1,1,2,303200,0.1,1,2,303300,0.1,1,2,306000,0.7,2,3,,,,,,,,,,,,,,,,,,,,,,,,,2,4
40,5,150,24,24,24,0,24,24,chapter_01_03,bgm_yggdrasil_03,302001,1,1,1,302002,1,1,1,303200,0.1,1,2,303300,0.1,1,2,303400,0.1,1,2,306024,0.7,2,3,,,,,,,,,,,,,,,,,4,6
41,5,150,23,23,23,0,23,23,chapter_01_01,bgm_yggdrasil_01,303201,1,1,1,,,,,,,,,,,,,,,,,,,,,,,,,,,,,,,,,,,,,1,1
42,5,150,22,22,22,0,22,22,chapter_01_01,bgm_yggdrasil_01,303001,0.1,1,2,303201,0.1,1,2,303300,0.1,1,2,306023,0.7,2,3,,,,,,,,,,,,,,,,,,,,,,,,,3,4
43,5,150,21,21,21,0,21,21,chapter_01_02,bgm_yggdrasil_02,303201,0.1,1,2,303300,0.1,1,2,303400,0.1,1,2,306025,0.7,2,3,,,,,,,,,,,,,,,,,,,,,,,,,3,4
44,5,150,20,20,20,0,20,20,chapter_01_01,bgm_yggdrasil_01,303001,0.1,1,2,303300,0.1,1,2,303400,0.1,1,2,306002,0.7,2,3,,,,,,,,,,,,,,,,,,,,,,,,,3,4
45,5,150,20,20,20,0,20,20,chapter_01_01,bgm_yggdrasil_01,303101,0.1,1,2,303300,0.1,1,2,303400,0.1,1,2,306001,0.7,2,3,,,,,,,,,,,,,,,,,,,,,,,,,3,4
46,5,150,20,20,20,0,20,20,chapter_01_02,bgm_yggdrasil_02,303101,0.1,1,2,303300,0.1,1,2,303400,0.1,1,2,306023,0.7,2,3,,,,,,,,,,,,,,,,,,,,,,,,,3,4
47,5,150,40,20,20,0,40,40,chapter_01_01,bgm_yggdrasil_01,303301,1,1,1,,,,,,,,,,,,,,,,,,,,,,,,,,,,,,,,,,,,,1,1
48,5,150,20,20,20,0,20,20,chapter_01_02,bgm_yggdrasil_02,303001,0.1,1,2,303201,0.1,1,2,303301,0.1,1,2,306000,0.7,2,3,,,,,,,,,,,,,,,,,,,,,,,,,3,4
49,5,150,20,20,20,0,20,20,chapter_01_01,bgm_yggdrasil_01,303001,0.1,1,2,303301,0.1,1,2,303400,0.1,1,2,306024,0.7,2,3,,,,,,,,,,,,,,,,,,,,,,,,,3,4
50,5,150,20,20,20,0,20,20,chapter_01_03,bgm_yggdrasil_03,302000,1,1,1,302003,1,1,1,302005,1,1,1,303101,0.1,1,2,303201,0.1,1,2,303301,0.1,1,2,306025,0.7,2,3,,,,,,,,,,,,,6,7
51,5,150,20,20,20,0,20,20,chapter_02_01,bgm_alfheim_01,303000,0.1,1,2,303301,0.1,1,2,303400,0.1,1,2,306009,0.7,2,3,,,,,,,,,,,,,,,,,,,,,,,,,3,4
52,5,150,20,20,20,0,20,20,chapter_02_01,bgm_alfheim_01,303000,0.1,1,2,303201,0.1,1,2,303400,0.1,1,2,306010,0.7,2,3,,,,,,,,,,,,,,,,,,,,,,,,,3,4
53,5,150,20,20,20,0,20,20,chapter_02_02,bgm_alfheim_02,303401,1,1,1,,,,,,,,,,,,,,,,,,,,,,,,,,,,,,,,,,,,,1,1
54,5,150,20,20,20,0,20,20,chapter_02_01,bgm_alfheim_01,303000,0.1,1,2,303101,0.1,1,2,303401,0.1,1,2,306011,0.7,2,3,,,,,,,,,,,,,,,,,,,,,,,,,3,4
55,5,150,20,20,20,0,20,20,chapter_02_01,bgm_alfheim_01,303001,0.1,1,2,303201,0.1,1,2,303401,0.1,1,2,306010,0.7,2,3,,,,,,,,,,,,,,,,,,,,,,,,,3,4
56,5,150,20,20,20,0,20,20,chapter_02_02,bgm_alfheim_02,303001,0.1,1,2,303101,0.1,1,2,303401,0.1,1,2,306009,0.7,2,3,,,,,,,,,,,,,,,,,,,,,,,,,3,4
57,5,150,20,20,20,0,20,20,chapter_02_01,bgm_alfheim_01,303001,0.1,1,2,303301,0.1,1,2,303401,0.1,1,2,306000,0.7,2,3,,,,,,,,,,,,,,,,,,,,,,,,,3,4
58,5,150,118,70,118,0,50,50,chapter_02_02,bgm_alfheim_02,303201,0.1,1,2,303301,0.1,1,2,303401,0.1,1,2,306025,0.7,2,3,,,,,,,,,,,,,,,,,,,,,,,,,3,4
59,5,150,50,50,50,0,50,50,chapter_02_01,bgm_alfheim_01,303100,0.1,1,2,303201,0.1,1,2,303301,0.1,1,2,306011,0.7,2,3,,,,,,,,,,,,,,,,,,,,,,,,,3,4
60,5,150,50,50,50,0,50,50,chapter_02_03,bgm_alfheim_03,302001,1,1,1,302002,1,1,1,302004,1,1,1,303100,0.1,1,2,303201,0.1,1,2,303401,0.1,1,2,306010,0.7,2,3,,,,,,,,,,,,,7,8
61,5,150,50,50,50,0,50,50,chapter_02_01,bgm_alfheim_01,303001,0.1,1,2,303100,0.1,1,2,303201,0.1,1,2,306026,0.5,2,3,306040,0.12,1,2,306041,0.08,1,1,,,,,,,,,,,,,,,,,3,4
62,5,150,50,50,50,0,50,50,chapter_02_01,bgm_alfheim_01,303101,0.1,1,2,303201,0.1,1,2,303301,0.1,1,2,306027,0.5,2,3,306040,0.12,1,2,306041,0.08,1,1,,,,,,,,,,,,,,,,,3,4
63,5,150,50,50,50,0,50,50,chapter_02_02,bgm_alfheim_02,303002,1,2,2,,,,,,,,,,,,,,,,,,,,,,,,,,,,,,,,,,,,,1,2
64,5,150,50,50,50,0,50,50,chapter_02_01,bgm_alfheim_01,303002,0.1,1,2,303201,0.1,1,2,303301,0.1,1,2,306028,0.5,2,3,306040,0.12,1,2,306041,0.08,1,1,,,,,,,,,,,,,,,,,3,4
65,5,150,50,50,50,0,50,50,chapter_02_01,bgm_alfheim_01,303002,0.1,1,2,303101,0.1,1,2,303401,0.1,1,2,306027,0.5,2,3,306040,0.12,1,2,306041,0.08,1,1,,,,,,,,,,,,,,,,,3,4
66,5,150,50,50,50,0,50,50,chapter_02_02,bgm_alfheim_02,303002,0.1,1,2,303301,0.1,1,2,303401,0.1,1,2,306028,0.5,2,3,306040,0.12,1,2,306041,0.08,1,1,,,,,,,,,,,,,,,,,3,4
67,5,150,50,50,50,0,50,50,chapter_02_01,bgm_alfheim_01,303002,0.1,1,2,303201,0.1,1,2,303401,0.1,1,2,306026,0.5,2,3,306040,0.12,1,2,306041,0.08,1,1,,,,,,,,,,,,,,,,,3,4
68,5,150,50,50,50,0,50,50,chapter_02_02,bgm_alfheim_02,303002,0.1,1,2,303200,0.1,1,2,303301,0.1,1,2,306009,0.5,2,3,306040,0.12,1,2,306043,0.08,1,1,,,,,,,,,,,,,,,,,3,4
69,5,150,50,50,50,0,50,50,chapter_02_01,bgm_alfheim_01,303101,0.1,1,2,303200,0.1,1,2,303301,0.1,1,2,306028,0.5,2,3,306040,0.12,1,2,306041,0.08,1,1,,,,,,,,,,,,,,,,,3,4
70,5,150,50,50,50,0,50,50,chapter_02_03,bgm_alfheim_03,302000,1,1,1,302003,1,1,1,302005,1,1,1,302004,1,1,1,306040,0.97,2,2,306041,0.01,1,1,306044,0.01,1,1,306043,0.01,1,1,,,,,,,,,5,6
71,5,150,50,50,50,0,50,50,chapter_02_01,bgm_alfheim_01,303101,0.1,1,2,303200,0.1,1,2,303301,0.1,1,2,306011,0.5,2,3,306040,0.12,1,2,306043,0.08,1,1,,,,,,,,,,,,,,,,,3,4
72,5,150,50,50,50,0,50,50,chapter_02_01,bgm_alfheim_01,303002,0.1,1,2,303101,0.1,1,2,303201,0.1,1,2,306027,0.5,2,3,306040,0.12,1,2,306041,0.08,1,1,,,,,,,,,,,,,,,,,3,4
73,5,150,30,30,30,0,30,30,chapter_02_02,bgm_alfheim_02,303101,0.1,1,2,303301,0.1,1,2,303401,0.1,1,2,306002,0.5,2,3,306040,0.12,1,2,306044,0.08,1,1,,,,,,,,,,,,,,,,,3,4
74,5,150,30,30,30,0,30,30,chapter_02_01,bgm_alfheim_01,303002,0.1,1,2,303101,0.1,1,2,303401,0.1,1,2,306010,0.5,2,3,306040,0.12,1,2,306043,0.08,1,1,,,,,,,,,,,,,,,,,3,4
75,5,150,30,30,30,0,30,30,chapter_02_01,bgm_alfheim_01,303102,1,2,2,,,,,,,,,,,,,,,,,,,,,,,,,,,,,,,,,,,,,1,2
76,5,150,30,30,30,0,30,30,chapter_02_02,bgm_alfheim_02,303102,0.1,1,2,303201,0.1,1,2,303401,0.1,1,2,306001,0.5,2,3,306040,0.12,1,2,306044,0.08,1,1,,,,,,,,,,,,,,,,,3,4
77,5,150,30,30,30,0,30,30,chapter_02_01,bgm_alfheim_01,303102,0.1,1,2,303201,0.1,1,2,303301,0.1,1,2,306011,0.5,2,3,306040,0.12,1,2,306043,0.08,1,1,,,,,,,,,,,,,,,,,3,4
78,5,150,30,30,30,0,30,30,chapter_02_02,bgm_alfheim_02,303201,0.1,1,2,303301,0.1,1,2,303401,0.1,1,2,306026,0.5,2,3,306040,0.12,1,2,306041,0.08,1,1,,,,,,,,,,,,,,,,,3,4
79,5,150,30,30,30,0,30,30,chapter_02_01,bgm_alfheim_01,303002,0.1,1,2,303301,0.1,1,2,303401,0.1,1,2,306000,0.5,2,3,306040,0.12,1,2,306044,0.08,1,1,,,,,,,,,,,,,,,,,3,4
80,5,150,30,30,30,0,30,30,chapter_02_03,bgm_alfheim_03,302001,1,1,1,302002,1,1,1,302004,1,1,1,303102,0.1,1,2,303201,0.1,1,2,306004,0.5,2,3,306040,0.12,1,2,306044,0.08,1,1,,,,,,,,,6,7
81,5,150,30,30,30,0,30,30,chapter_02_01,bgm_alfheim_01,303002,0.1,1,2,303102,0.1,1,2,303300,0.1,1,2,306010,0.5,2,3,306040,0.12,1,2,306043,0.08,1,1,,,,,,,,,,,,,,,,,3,4
82,5,150,30,30,30,0,30,30,chapter_02_01,bgm_alfheim_01,303002,0.1,1,2,303201,0.1,1,2,303300,0.1,1,2,306005,0.5,2,3,306040,0.12,1,2,306044,0.08,1,1,,,,,,,,,,,,,,,,,3,4
83,5,150,10,20,10,0,20,20,chapter_02_02,bgm_alfheim_02,303002,0.1,1,2,303201,0.1,1,2,303401,0.1,1,2,306003,0.5,2,3,306040,0.12,1,2,306044,0.08,1,1,,,,,,,,,,,,,,,,,3,4
84,5,150,30,30,30,0,30,30,chapter_02_01,bgm_alfheim_01,303002,0.1,1,2,303301,0.1,1,2,303401,0.1,1,2,306027,0.5,2,3,306040,0.12,1,2,306041,0.08,1,1,,,,,,,,,,,,,,,,,3,4
85,5,150,30,30,30,0,30,30,chapter_02_01,bgm_alfheim_01,303002,0.1,1,2,303102,0.1,1,2,303201,0.1,1,2,306028,0.5,2,3,306040,0.12,1,2,306041,0.08,1,1,,,,,,,,,,,,,,,,,3,4
86,5,150,100,50,50,0,100,20,chapter_02_02,bgm_alfheim_02,303002,0.1,1,2,303102,0.1,1,2,303401,0.1,1,2,306009,0.5,2,3,306040,0.12,1,2,306043,0.08,1,1,,,,,,,,,,,,,,,,,3,4
87,5,150,100,50,50,0,100,20,chapter_02_01,bgm_alfheim_01,303202,1,2,2,,,,,,,,,,,,,,,,,,,,,,,,,,,,,,,,,,,,,1,2
88,5,150,100,50,50,0,100,20,chapter_02_02,bgm_alfheim_02,303102,0.1,1,2,303202,0.1,1,2,303301,0.1,1,2,306026,0.5,2,3,306040,0.12,1,2,306041,0.08,1,1,,,,,,,,,,,,,,,,,3,4
89,5,150,100,50,50,0,100,20,chapter_02_01,bgm_alfheim_01,303002,0.1,1,2,303202,0.1,1,2,303301,0.1,1,2,306009,0.5,2,3,306040,0.12,1,2,306043,0.08,1,1,,,,,,,,,,,,,,,,,3,4
90,5,150,100,50,50,0,100,20,chapter_02_03,bgm_alfheim_03,302000,1,1,1,302003,1,1,1,302005,1,1,1,302004,1,1,1,302006,1,1,1,303202,0.1,1,2,306040,0.12,1,2,306044,0.08,1,1,,,,,,,,,4,5
91,5,150,100,50,50,0,100,20,chapter_02_01,bgm_alfheim_01,303002,0.1,1,2,303102,0.1,1,2,303301,0.1,1,2,306010,0.5,2,3,306040,0.12,1,2,306043,0.08,1,1,,,,,,,,,,,,,,,,,3,4
92,5,150,100,50,50,0,100,20,chapter_02_01,bgm_alfheim_01,303002,0.1,1,2,303301,0.1,1,2,303401,0.1,1,2,306005,0.5,2,3,306040,0.12,1,2,306044,0.08,1,1,,,,,,,,,,,,,,,,,3,4
93,5,150,100,50,50,0,100,100,chapter_02_02,bgm_alfheim_02,303102,0.1,1,2,303202,0.1,1,2,303400,0.1,1,2,306011,0.5,2,3,306040,0.12,1,2,306043,0.08,1,1,,,,,,,,,,,,,,,,,3,4
94,5,150,80,35,50,0,60,60,chapter_02_01,bgm_alfheim_01,303102,0.1,1,2,303301,0.1,1,2,303400,0.1,1,2,306003,0.5,2,3,306040,0.12,1,2,306044,0.08,1,1,,,,,,,,,,,,,,,,,3,4
95,5,150,80,35,50,0,60,60,chapter_02_01,bgm_alfheim_01,303102,0.1,1,2,303301,0.1,1,2,303400,0.1,1,2,306028,0.5,2,3,306040,0.12,1,2,306041,0.08,1,1,,,,,,,,,,,,,,,,,3,4
96,5,150,60,35,30,0,40,60,chapter_02_02,bgm_alfheim_02,303002,0.1,1,2,303202,0.1,1,2,303401,0.1,1,2,306027,0.5,2,3,306040,0.12,1,2,306041,0.08,1,1,,,,,,,,,,,,,,,,,3,4
97,5,150,30,25,20,0,40,30,chapter_02_01,bgm_alfheim_01,303002,0.1,1,2,303102,0.1,1,2,303301,0.1,1,2,306052,0.5,2,3,306040,0.12,1,2,306042,0.08,1,1,,,,,,,,,,,,,,,,,3,4
98,5,150,20,10,20,0,20,20,chapter_02_02,bgm_alfheim_02,303002,0.1,1,2,303102,0.1,1,2,303301,0.1,1,2,306051,0.5,2,3,306040,0.12,1,2,306042,0.08,1,1,,,,,,,,,,,,,,,,,3,4
99,5,150,20,10,20,0,20,20,chapter_02_01,bgm_alfheim_01,303000,0.1,1,2,303102,0.1,1,2,303301,0.1,1,2,306050,0.5,2,3,306040,0.12,1,2,306042,0.08,1,1,,,,,,,,,,,,,,,,,3,4
100,5,150,50,60,153,0,80,50,chapter_02_03,bgm_alfheim_03,302001,1,1,1,302002,1,1,1,302004,1,1,1,302006,1,1,1,303301,0.1,1,2,306051,0.5,2,3,306040,0.12,1,2,306042,0.08,1,1,,,,,,,,,6,7
101,5,150,50,60,40,0,20,20,chapter_03_01,bgm_svartalfheim_01,303000,0.1,1,2,303301,0.1,1,2,303401,0.1,1,2,306051,0.5,2,3,306040,0.12,1,2,306042,0.08,1,1,,,,,,,,,,,,,,,,,3,4
102,5,150,50,60,40,0,20,20,chapter_03_01,bgm_svartalfheim_01,303302,1,2,2,,,,,,,,,,,,,,,,,,,,,,,,,,,,,,,,,,,,,1,2
103,5,150,50,60,40,0,20,20,chapter_03_02,bgm_svartalfheim_02,303002,0.1,1,2,303102,0.1,1,2,303302,0.1,1,2,306050,0.5,2,3,306040,0.12,1,2,306042,0.08,1,1,,,,,,,,,,,,,,,,,3,4
104,5,150,50,60,40,0,20,20,chapter_03_01,bgm_svartalfheim_01,303202,0.1,1,2,303302,0.1,1,2,303401,0.1,1,2,306003,0.5,2,3,306040,0.12,1,2,306044,0.08,1,1,,,,,,,,,,,,,,,,,3,4
105,5,150,50,60,40,0,20,20,chapter_03_01,bgm_svartalfheim_01,303202,0.1,1,2,303302,0.1,1,2,303401,0.1,1,2,306013,0.5,2,3,306040,0.12,1,2,306043,0.08,1,1,,,,,,,,,,,,,,,,,3,4
106,5,150,50,60,40,0,20,20,chapter_03_02,bgm_svartalfheim_02,303002,0.1,1,2,303102,0.1,1,2,303401,0.1,1,2,306004,0.5,2,3,306040,0.12,1,2,306044,0.08,1,1,,,,,,,,,,,,,,,,,3,4
107,5,150,50,60,40,0,20,20,chapter_03_01,bgm_svartalfheim_01,303102,0.1,1,2,303302,0.1,1,2,303401,0.1,1,2,306014,0.5,2,3,306040,0.12,1,2,306043,0.08,1,1,,,,,,,,,,,,,,,,,3,4
108,5,150,200,180,100,0,50,90,chapter_03_02,bgm_svartalfheim_02,303002,0.1,1,2,303302,0.1,1,2,303401,0.1,1,2,306052,0.5,2,3,306040,0.12,1,2,306042,0.08,1,1,,,,,,,,,,,,,,,,,3,4
109,5,150,50,60,40,0,20,20,chapter_03_01,bgm_svartalfheim_01,303002,0.1,1,2,303102,0.1,1,2,303401,0.1,1,2,306005,0.5,2,3,306040,0.12,1,2,306044,0.08,1,1,,,,,,,,,,,,,,,,,3,4
110,5,150,50,60,40,0,20,20,chapter_03_03,bgm_svartalfheim_03,302000,1,1,1,302003,1,1,1,302005,1,1,1,302004,1,1,1,302006,1,1,1,303002,0.1,1,2,306040,0.12,1,2,306041,0.08,1,1,,,,,,,,,4,5
111,5,150,50,60,40,0,20,20,chapter_03_01,bgm_svartalfheim_01,303100,0.1,1,2,303202,0.1,1,2,303302,0.1,1,2,306026,0.5,2,3,306040,0.12,1,2,306041,0.08,1,1,,,,,,,,,,,,,,,,,3,4
112,5,150,50,60,40,0,20,20,chapter_03_01,bgm_svartalfheim_01,303100,0.1,1,2,303202,0.1,1,2,303302,0.1,1,2,306028,0.5,2,3,306040,0.12,1,2,306041,0.08,1,1,,,,,,,,,,,,,,,,,3,4
113,5,150,50,60,40,0,20,20,chapter_03_02,bgm_svartalfheim_02,303102,0.1,1,2,303302,0.1,1,2,303401,0.1,1,2,306012,0.5,2,3,306040,0.12,1,2,306043,0.08,1,1,,,,,,,,,,,,,,,,,3,4
114,5,150,50,60,40,0,20,20,chapter_03_01,bgm_svartalfheim_01,303001,0.1,1,2,303302,0.1,1,2,303401,0.1,1,2,306014,0.5,2,3,306040,0.12,1,2,306043,0.08,1,1,,,,,,,,,,,,,,,,,3,4
115,5,150,50,60,40,0,20,20,chapter_03_01,bgm_svartalfheim_01,303001,0.1,1,2,303202,0.1,1,2,303302,0.1,1,2,306051,0.5,2,3,306040,0.12,1,2,306042,0.08,1,1,,,,,,,,,,,,,,,,,3,4
116,5,150,50,60,40,0,20,20,chapter_03_02,bgm_svartalfheim_02,303002,0.1,1,2,303302,0.1,1,2,303401,0.1,1,2,306004,0.5,2,3,306040,0.12,1,2,306044,0.08,1,1,,,,,,,,,,,,,,,,,3,4
117,5,150,50,60,40,0,20,20,chapter_03_01,bgm_svartalfheim_01,303402,1,2,2,,,,,,,,,,,,,,,,,,,,,,,,,,,,,,,,,,,,,1,2
118,5,150,50,60,40,0,20,20,chapter_03_02,bgm_svartalfheim_02,303002,0.1,1,2,303302,0.1,1,2,303402,0.1,1,2,306050,0.5,2,3,306040,0.12,1,2,306042,0.08,1,1,,,,,,,,,,,,,,,,,3,4
119,5,150,50,60,40,0,20,20,chapter_03_01,bgm_svartalfheim_01,303102,0.1,1,2,303202,0.1,1,2,303402,0.1,1,2,306005,0.5,2,3,306040,0.12,1,2,306044,0.08,1,1,,,,,,,,,,,,,,,,,3,4
120,5,150,50,60,40,0,20,20,chapter_03_03,bgm_svartalfheim_03,302008,1,1,1,302000,1,1,1,302005,1,1,1,303102,0.1,1,2,303302,0.1,1,2,303402,0.1,1,2,306040,0.12,1,2,306044,0.08,1,1,,,,,,,,,4,5
121,5,150,50,60,40,0,20,20,chapter_03_01,bgm_svartalfheim_01,303002,0.1,1,2,303102,0.1,1,2,303202,0.1,1,2,306003,0.5,2,3,306040,0.12,1,2,306044,0.08,1,1,,,,,,,,,,,,,,,,,3,4
122,5,150,374,150,266,0,50,90,chapter_03_01,bgm_svartalfheim_01,303002,0.1,1,2,303102,0.1,1,2,303402,0.1,1,2,306052,0.5,2,3,306040,0.12,1,2,306042,0.08,1,1,,,,,,,,,,,,,,,,,3,4
123,5,150,50,60,40,0,20,20,chapter_03_02,bgm_svartalfheim_02,303002,0.1,1,2,303202,0.1,1,2,303402,0.1,1,2,306013,0.5,2,3,306040,0.12,1,2,306043,0.08,1,1,,,,,,,,,,,,,,,,,3,4
124,5,150,50,60,40,0,20,20,chapter_03_01,bgm_svartalfheim_01,303102,0.1,1,2,303202,0.1,1,2,303402,0.1,1,2,306027,0.5,2,3,306040,0.12,1,2,306041,0.08,1,1,,,,,,,,,,,,,,,,,3,4
125,5,150,50,60,40,0,20,20,chapter_03_01,bgm_svartalfheim_01,306040,0.96,2,2,306041,0.01,1,1,306044,0.01,1,1,306043,0.01,1,1,306042,0.01,1,1,,,,,,,,,,,,,,,,,,,,,1,2
126,5,150,50,60,40,0,20,20,chapter_03_02,bgm_svartalfheim_02,303002,0.1,1,2,303101,0.1,1,2,303402,0.1,1,2,306051,0.5,2,3,306040,0.12,1,2,306042,0.08,1,1,,,,,,,,,,,,,,,,,3,4
127,5,150,50,60,40,0,20,20,chapter_03_01,bgm_svartalfheim_01,303101,0.1,1,2,303202,0.1,1,2,303302,0.1,1,2,306013,0.5,2,3,306040,0.12,1,2,306043,0.08,1,1,,,,,,,,,,,,,,,,,3,4
128,5,150,50,60,40,0,20,20,chapter_03_02,bgm_svartalfheim_02,303102,0.1,1,2,303202,0.1,1,2,303302,0.1,1,2,306014,0.5,2,3,306040,0.12,1,2,306043,0.08,1,1,,,,,,,,,,,,,,,,,3,4
129,5,150,50,60,40,0,20,20,chapter_03_01,bgm_svartalfheim_01,303002,0.1,1,2,303202,0.1,1,2,303402,0.1,1,2,306012,0.5,2,3,306040,0.12,1,2,306043,0.08,1,1,,,,,,,,,,,,,,,,,3,4
130,5,150,50,60,40,0,20,20,chapter_03_03,bgm_svartalfheim_03,302001,1,1,1,302002,1,1,1,302004,1,1,1,302006,1,1,1,303002,0.1,1,2,306031,0.5,2,3,306035,0.12,1,2,306036,0.08,1,1,,,,,,,,,5,6
131,5,150,50,60,40,0,20,20,chapter_03_01,bgm_svartalfheim_01,303102,0.1,1,2,303302,0.1,1,2,303402,0.1,1,2,306029,0.5,2,3,306035,0.12,1,2,306036,0.08,1,1,,,,,,,,,,,,,,,,,3,4
132,5,150,50,60,40,0,20,20,chapter_03_01,bgm_svartalfheim_01,303002,0.1,1,2,303202,0.1,1,2,303302,0.1,1,2,306050,0.5,2,3,306040,0.12,1,2,306042,0.08,1,1,,,,,,,,,,,,,,,,,3,4
133,5,150,50,60,40,0,20,20,chapter_03_02,bgm_svartalfheim_02,303102,0.1,1,2,303302,0.1,1,2,303402,0.1,1,2,306030,0.5,2,3,306035,0.12,1,2,306036,0.08,1,1,,,,,,,,,,,,,,,,,3,4
134,5,150,50,60,40,0,20,20,chapter_03_01,bgm_svartalfheim_01,303102,0.1,1,2,303302,0.1,1,2,303402,0.1,1,2,306003,0.5,2,3,306040,0.12,1,2,306044,0.08,1,1,,,,,,,,,,,,,,,,,3,4
135,5,150,100,150,100,0,20,130,chapter_03_01,bgm_svartalfheim_01,303002,0.1,1,2,303202,0.1,1,2,303302,0.1,1,2,306028,0.5,2,3,306035,0.12,1,2,306036,0.08,1,1,,,,,,,,,,,,,,,,,3,4
136,5,150,50,60,40,0,20,20,chapter_03_02,bgm_svartalfheim_02,303102,0.1,1,2,303302,0.1,1,2,303402,0.1,1,2,306026,0.5,2,3,306040,0.12,1,2,306041,0.08,1,1,,,,,,,,,,,,,,,,,3,4
137,5,150,50,60,40,0,20,20,chapter_03_01,bgm_svartalfheim_01,303102,0.1,1,2,303302,0.1,1,2,303402,0.1,1,2,306005,0.5,2,3,306040,0.12,1,2,306044,0.08,1,1,,,,,,,,,,,,,,,,,3,4
138,5,150,50,60,40,0,20,20,chapter_03_02,bgm_svartalfheim_02,303002,0.1,1,2,303200,0.1,1,2,303302,0.1,1,2,306052,0.5,2,3,306040,0.12,1,2,306042,0.08,1,1,,,,,,,,,,,,,,,,,3,4
139,5,150,100,150,200,0,20,130,chapter_03_01,bgm_svartalfheim_01,303102,0.1,1,2,303200,0.1,1,2,303302,0.1,1,2,306004,0.5,2,3,306040,0.12,1,2,306044,0.08,1,1,,,,,,,,,,,,,,,,,3,4
140,5,150,50,60,40,0,20,20,chapter_03_03,bgm_svartalfheim_03,302008,1,1,1,302000,1,1,1,302005,1,1,1,303202,0.1,1,2,303302,0.1,1,2,306012,0.5,2,3,306040,0.12,1,2,306043,0.08,1,1,,,,,,,,,5,6
141,5,150,50,60,40,0,20,20,chapter_03_01,bgm_svartalfheim_01,303102,0.1,1,2,303202,0.1,1,2,303402,0.1,1,2,306029,0.5,2,3,306035,0.12,1,2,306036,0.08,1,1,,,,,,,,,,,,,,,,,3,4
142,5,150,50,60,40,0,20,20,chapter_03_01,bgm_svartalfheim_01,303102,0.1,1,2,303202,0.1,1,2,303302,0.1,1,2,306051,0.5,2,3,306035,0.12,1,2,306037,0.08,1,1,,,,,,,,,,,,,,,,,3,4
143,5,150,50,60,40,0,20,20,chapter_03_02,bgm_svartalfheim_02,303002,0.1,1,2,303202,0.1,1,2,303302,0.1,1,2,306031,0.5,2,3,306035,0.12,1,2,306036,0.08,1,1,,,,,,,,,,,,,,,,,3,4
144,5,150,50,60,40,0,20,20,chapter_03_01,bgm_svartalfheim_01,303002,0.1,1,2,303202,0.1,1,2,303402,0.1,1,2,306013,0.5,2,3,306040,0.12,1,2,306043,0.08,1,1,,,,,,,,,,,,,,,,,3,4
145,5,150,50,60,40,0,20,20,chapter_03_01,bgm_svartalfheim_01,303002,0.1,1,2,303202,0.1,1,2,303302,0.1,1,2,306012,0.5,2,3,306040,0.12,1,2,306043,0.08,1,1,,,,,,,,,,,,,,,,,3,4
146,5,150,50,60,40,0,20,20,chapter_03_02,bgm_svartalfheim_02,303002,0.1,1,2,303102,0.1,1,2,303302,0.1,1,2,306014,0.5,2,3,306040,0.12,1,2,306043,0.08,1,1,,,,,,,,,,,,,,,,,3,4
147,5,150,100,150,150,0,20,100,chapter_03_01,bgm_svartalfheim_01,303002,0.1,1,2,303302,0.1,1,2,303402,0.1,1,2,306030,0.5,2,3,306035,0.12,1,2,306036,0.08,1,1,,,,,,,,,,,,,,,,,3,4
148,5,150,100,80,150,0,20,100,chapter_03_02,bgm_svartalfheim_02,303002,0.1,1,2,303302,0.1,1,2,303402,0.1,1,2,306003,0.5,2,3,306040,0.12,1,2,306044,0.08,1,1,,,,,,,,,,,,,,,,,3,4
149,5,150,100,100,120,0,20,80,chapter_03_01,bgm_svartalfheim_01,303002,0.1,1,2,303102,0.1,1,2,303302,0.1,1,2,306050,0.5,2,3,306040,0.12,1,2,306042,0.08,1,1,,,,,,,,,,,,,,,,,3,4
150,5,150,100,80,130,0,20,100,chapter_03_03,bgm_svartalfheim_03,302001,1,1,1,302002,1,1,1,302004,1,1,1,302006,1,1,1,303002,0.1,1,2,306052,0.5,2,3,306040,0.12,1,2,306042,0.08,1,1,,,,,,,,,5,6
151,5,150,20,20,100,0,100,317,chapter_04_01,bgm_asgard_01,306035,0.92,2,2,306036,0.02,1,1,306039,0.02,1,1,306038,0.02,1,1,306037,0.02,1,1,,,,,,,,,,,,,,,,,,,,,1,2
152,5,150,20,24,103,0,100,317,chapter_04_01,bgm_asgard_01,303002,0.1,1,2,303202,0.1,1,2,303402,0.1,1,2,306029,0.5,2,3,306035,0.12,1,2,306036,0.08,1,1,,,,,,,,,,,,,,,,,3,4
153,5,150,20,26,106,0,100,317,chapter_04_01,bgm_asgard_01,303002,0.1,1,2,303102,0.1,1,2,303302,0.1,1,2,306030,0.5,2,3,306035,0.12,1,2,306036,0.08,1,1,,,,,,,,,,,,,,,,,3,4
154,5,150,20,28,109,0,100,317,chapter_04_01,bgm_asgard_01,303002,0.1,1,2,303300,0.1,1,2,303402,0.1,1,2,306008,0.5,2,3,306035,0.12,1,2,306039,0.08,1,1,,,,,,,,,,,,,,,,,3,4
155,5,150,10,30,112,0,115,317,chapter_04_01,bgm_asgard_01,303102,0.1,1,2,303202,0.1,1,2,303300,0.1,1,2,306051,0.5,2,3,306035,0.12,1,2,306037,0.08,1,1,,,,,,,,,,,,,,,,,3,4
156,5,150,10,32,115,0,130,317,chapter_04_01,bgm_asgard_01,303102,0.1,1,2,303202,0.1,1,2,303302,0.1,1,2,306006,0.5,2,3,306035,0.12,1,2,306039,0.08,1,1,,,,,,,,,,,,,,,,,3,4
157,5,150,10,34,118,0,145,317,chapter_04_01,bgm_asgard_01,303102,0.1,1,2,303302,0.1,1,2,303402,0.1,1,2,306007,0.5,2,3,306035,0.12,1,2,306039,0.08,1,1,,,,,,,,,,,,,,,,,3,4
158,5,150,10,36,121,0,150,317,chapter_04_01,bgm_asgard_01,303002,0.1,1,2,303102,0.1,1,2,303402,0.1,1,2,306029,0.5,2,3,306035,0.12,1,2,306036,0.08,1,1,,,,,,,,,,,,,,,,,3,4
159,5,150,10,38,124,0,150,321,chapter_04_01,bgm_asgard_01,303002,0.1,1,2,303202,0.1,1,2,303302,0.1,1,2,306007,0.5,2,3,306035,0.12,1,2,306039,0.08,1,1,,,,,,,,,,,,,,,,,3,4
160,5,150,10,40,130,0,150,321,chapter_04_01,bgm_asgard_01,302000,1,1,1,302003,1,1,1,302005,1,1,1,302010,1,1,1,303002,0.1,1,2,306031,0.5,2,3,306035,0.12,1,2,306036,0.08,1,1,,,,,,,,,5,6
161,5,150,21,52,134,0,150,321,chapter_04_01,bgm_asgard_01,303002,0.1,1,2,303102,0.1,1,2,303402,0.1,1,2,306053,0.5,2,3,306035,0.12,1,2,306037,0.08,1,1,,,,,,,,,,,,,,,,,3,4
162,5,150,32,64,138,0,150,321,chapter_04_01,bgm_asgard_01,303002,0.1,1,2,303201,0.1,1,2,303302,0.1,1,2,306016,0.5,2,3,306035,0.12,1,2,306038,0.08,1,1,,,,,,,,,,,,,,,,,3,4
163,5,150,43,76,142,0,150,321,chapter_04_01,bgm_asgard_01,303102,0.1,1,2,303201,0.1,1,2,303402,0.1,1,2,306030,0.5,2,3,306035,0.12,1,2,306036,0.08,1,1,,,,,,,,,,,,,,,,,3,4
164,5,150,54,88,146,0,150,321,chapter_04_01,bgm_asgard_01,303102,0.1,1,2,303202,0.1,1,2,303302,0.1,1,2,306008,0.5,2,3,306035,0.12,1,2,306039,0.08,1,1,,,,,,,,,,,,,,,,,3,4
165,5,150,65,100,150,0,150,321,chapter_04_01,bgm_asgard_01,303002,0.1,1,2,303302,0.1,1,2,303402,0.1,1,2,306054,0.5,2,3,306035,0.12,1,2,306037,0.08,1,1,,,,,,,,,,,,,,,,,3,4
166,5,150,76,112,154,0,150,321,chapter_04_02,bgm_asgard_02,303002,0.1,1,2,303102,0.1,1,2,303402,0.1,1,2,306055,0.5,2,3,306035,0.12,1,2,306037,0.08,1,1,,,,,,,,,,,,,,,,,3,4
167,5,150,87,124,158,0,150,324,chapter_04_02,bgm_asgard_02,303002,0.1,1,2,303102,0.1,1,2,303302,0.1,1,2,306007,0.5,2,3,306035,0.12,1,2,306039,0.08,1,1,,,,,,,,,,,,,,,,,3,4
168,5,150,98,136,162,0,150,302,chapter_04_02,bgm_asgard_02,303002,0.1,1,2,303202,0.1,1,2,303302,0.1,1,2,306030,0.5,2,3,306035,0.12,1,2,306036,0.08,1,1,,,,,,,,,,,,,,,,,3,4
169,5,150,109,148,166,0,150,304,chapter_04_02,bgm_asgard_02,303002,0.1,1,2,303202,0.1,1,2,303302,0.1,1,2,306008,0.5,2,3,306035,0.12,1,2,306039,0.08,1,1,,,,,,,,,,,,,,,,,3,4
170,5,150,120,160,170,0,150,302,chapter_04_02,bgm_asgard_02,302001,1,1,1,302002,1,1,1,302004,1,1,1,302006,1,1,1,303202,0.1,1,2,306031,0.5,2,3,306035,0.12,1,2,306036,0.08,1,1,,,,,,,,,5,6
171,5,150,135,165,173,0,150,342,chapter_04_02,bgm_asgard_02,303102,0.1,1,2,303202,0.1,1,2,303400,0.1,1,2,306006,0.5,2,3,306035,0.12,1,2,306039,0.08,1,1,,,,,,,,,,,,,,,,,3,4
172,5,150,140,170,176,0,150,332,chapter_04_02,bgm_asgard_02,303002,0.1,1,2,303102,0.1,1,2,303302,0.1,1,2,306053,0.5,2,3,306035,0.12,1,2,306037,0.08,1,1,,,,,,,,,,,,,,,,,3,4
173,5,150,145,175,179,0,150,302,chapter_04_02,bgm_asgard_02,303001,0.1,1,2,303202,0.1,1,2,303402,0.1,1,2,306015,0.5,2,3,306035,0.12,1,2,306038,0.08,1,1,,,,,,,,,,,,,,,,,3,4
174,5,150,150,180,182,0,150,349,chapter_04_02,bgm_asgard_02,303001,0.1,1,2,303202,0.1,1,2,303402,0.1,1,2,306017,0.5,2,3,306035,0.12,1,2,306038,0.08,1,1,,,,,,,,,,,,,,,,,3,4
175,5,150,155,185,185,0,150,347,chapter_04_02,bgm_asgard_02,306035,0.88,2,2,306036,0.03,1,1,306039,0.03,1,1,306038,0.03,1,1,306037,0.03,1,1,,,,,,,,,,,,,,,,,,,,,1,2
176,5,150,160,190,188,0,150,291,chapter_04_02,bgm_asgard_02,303102,0.1,1,2,303202,0.1,1,2,303302,0.1,1,2,306029,0.5,2,3,306035,0.12,1,2,306036,0.08,1,1,,,,,,,,,,,,,,,,,3,4
177,5,150,165,195,191,0,150,298,chapter_04_02,bgm_asgard_02,303002,0.1,1,2,303302,0.1,1,2,303402,0.1,1,2,306055,0.5,2,3,306035,0.12,1,2,306037,0.08,1,1,,,,,,,,,,,,,,,,,3,4
178,5,150,170,200,194,0,150,358,chapter_04_02,bgm_asgard_02,303002,0.1,1,2,303202,0.1,1,2,303301,0.1,1,2,306016,0.5,2,3,306035,0.12,1,2,306038,0.08,1,1,,,,,,,,,,,,,,,,,3,4
179,5,150,175,205,197,0,150,331,chapter_04_02,bgm_asgard_02,303102,0.1,1,2,303301,0.1,1,2,303402,0.1,1,2,306054,0.5,2,3,306035,0.12,1,2,306037,0.08,1,1,,,,,,,,,,,,,,,,,3,4
180,5,150,180,210,200,0,150,379,chapter_04_02,bgm_asgard_02,302000,1,1,1,302003,1,1,1,302005,1,1,1,302010,1,1,1,302011,1,1,1,303002,0.1,1,2,306035,0.12,1,2,306039,0.08,1,1,,,,,,,,,4,5
181,5,150,185,215,203,0,150,348,chapter_04_02,bgm_asgard_02,303002,0.1,1,2,303302,0.1,1,2,303402,0.1,1,2,306030,0.5,2,3,306035,0.12,1,2,306036,0.08,1,1,,,,,,,,,,,,,,,,,3,4
182,5,150,190,220,206,0,350,388,chapter_04_02,bgm_asgard_02,303002,0.1,1,2,303101,0.1,1,2,303202,0.1,1,2,306016,0.5,2,3,306035,0.12,1,2,306038,0.08,1,1,,,,,,,,,,,,,,,,,3,4
183,5,150,195,225,209,0,350,309,chapter_04_03,bgm_asgard_03,303101,0.1,1,2,303202,0.1,1,2,303302,0.1,1,2,306006,0.5,2,3,306035,0.12,1,2,306039,0.08,1,1,,,,,,,,,,,,,,,,,3,4
184,5,150,200,230,212,0,350,339,chapter_04_03,bgm_asgard_03,303002,0.1,1,2,303102,0.1,1,2,303302,0.1,1,2,306007,0.5,2,3,306035,0.12,1,2,306039,0.08,1,1,,,,,,,,,,,,,,,,,3,4
185,5,150,205,235,215,0,350,323,chapter_04_03,bgm_asgard_03,303002,0.1,1,2,303102,0.1,1,2,303302,0.1,1,2,306053,0.5,2,3,306035,0.12,1,2,306037,0.08,1,1,,,,,,,,,,,,,,,,,3,4
186,5,150,210,240,218,0,350,363,chapter_04_03,bgm_asgard_03,303203,1,2,2,,,,,,,,,,,,,,,,,,,,,,,,,,,,,,,,,,,,,1,2
187,5,150,215,245,221,0,350,389,chapter_04_03,bgm_asgard_03,303002,0.1,1,2,303203,0.1,1,2,303302,0.1,1,2,306006,0.5,2,3,306035,0.12,1,2,306039,0.08,1,1,,,,,,,,,,,,,,,,,3,4
188,5,150,220,250,224,0,350,430,chapter_04_03,bgm_asgard_03,303002,0.1,1,2,303203,0.1,1,2,303402,0.1,1,2,306015,0.5,2,3,306035,0.12,1,2,306038,0.08,1,1,,,,,,,,,,,,,,,,,3,4
189,5,150,225,255,227,0,350,450,chapter_04_03,bgm_asgard_03,303203,0.1,1,2,303302,0.1,1,2,303402,0.1,1,2,306031,0.5,2,3,306035,0.12,1,2,306036,0.08,1,1,,,,,,,,,,,,,,,,,3,4
190,5,150,230,260,230,0,350,376,chapter_04_03,bgm_asgard_03,302001,1,1,1,302002,1,1,1,302004,1,1,1,302006,1,1,1,303102,0.1,1,2,303302,0.1,1,2,306035,0.12,1,2,306038,0.08,1,1,,,,,,,,,4,5
191,5,150,237,265,234,0,370,412,chapter_04_03,bgm_asgard_03,303002,0.1,1,2,303302,0.1,1,2,303402,0.1,1,2,306055,0.5,2,3,306035,0.12,1,2,306037,0.08,1,1,,,,,,,,,,,,,,,,,3,4
192,5,150,241,270,238,0,390,429,chapter_04_03,bgm_asgard_03,303102,0.1,1,2,303203,0.1,1,2,303302,0.1,1,2,306008,0.5,2,3,306035,0.12,1,2,306039,0.08,1,1,,,,,,,,,,,,,,,,,3,4
193,5,150,245,275,242,0,410,429,chapter_04_03,bgm_asgard_03,303002,0.1,1,2,303102,0.1,1,2,303302,0.1,1,2,306029,0.5,2,3,306035,0.12,1,2,306036,0.08,1,1,,,,,,,,,,,,,,,,,3,4
194,5,150,249,280,246,0,446,367,chapter_04_03,bgm_asgard_03,303203,0.1,1,2,303302,0.1,1,2,303402,0.1,1,2,306015,0.5,2,3,306035,0.12,1,2,306038,0.08,1,1,,,,,,,,,,,,,,,,,3,4
195,5,150,253,285,250,0,466,390,chapter_04_03,bgm_asgard_03,303102,0.1,1,2,303203,0.1,1,2,303302,0.1,1,2,306006,0.5,2,3,306035,0.12,1,2,306039,0.08,1,1,,,,,,,,,,,,,,,,,3,4
196,5,150,257,290,254,0,447,369,chapter_04_03,bgm_asgard_03,303002,0.1,1,2,303302,0.1,1,2,303402,0.1,1,2,306053,0.5,2,3,306035,0.12,1,2,306037,0.08,1,1,,,,,,,,,,,,,,,,,3,4
197,5,150,261,295,258,0,431,357,chapter_04_03,bgm_asgard_03,303002,0.1,1,2,303203,0.1,1,2,303402,0.1,1,2,306054,0.5,2,3,306035,0.12,1,2,306037,0.08,1,1,,,,,,,,,,,,,,,,,3,4
198,5,150,265,300,262,0,403,333,chapter_04_03,bgm_asgard_03,303203,0.1,1,2,303302,0.1,1,2,303402,0.1,1,2,306017,0.5,2,3,306035,0.12,1,2,306038,0.08,1,1,,,,,,,,,,,,,,,,,3,4
199,5,150,269,305,266,0,393,327,chapter_04_03,bgm_asgard_03,303203,0.1,1,2,303302,0.1,1,2,303402,0.1,1,2,306007,0.5,2,3,306035,0.12,1,2,306039,0.08,1,1,,,,,,,,,,,,,,,,,3,4
200,5,150,273,310,270,0,437,364,chapter_04_03,bgm_asgard_03,302000,1,1,1,302003,1,1,1,302005,1,1,1,302010,1,1,1,302011,1,1,1,303002,0.1,1,2,306035,0.12,1,2,306036,0.08,1,1,,,,,,,,,4,5
201,5,150,108,198,135,0,432,360,chapter_05_01,bgm_muspelheim_01,303002,0.223,1,1,303102,0.223,1,1,303201,0.223,1,1,306017,0.3,1,2,306045,0.024,1,1,306048,0.007,1,1,,,,,,,,,,,,,,,,,1,2
202,5,150,109,198,135,0,474,395,chapter_05_01,bgm_muspelheim_01,303102,0.223,1,1,303301,0.223,1,1,303401,0.223,1,1,306015,0.3,1,2,306045,0.024,1,1,306048,0.007,1,1,,,,,,,,,,,,,,,,,1,2
203,5,150,109,194,135,0,630,382,chapter_05_02,bgm_muspelheim_02,303102,0.223,1,1,303201,0.223,1,1,303301,0.223,1,1,306055,0.3,1,2,306045,0.024,1,1,306047,0.007,1,1,,,,,,,,,,,,,,,,,1,2
204,5,150,110,194,135,0,616,513,chapter_05_01,bgm_muspelheim_01,303002,0.223,1,1,303201,0.223,1,1,303301,0.223,1,1,306055,0.3,1,2,306045,0.024,1,1,306047,0.007,1,1,,,,,,,,,,,,,,,,,1,2
205,5,150,110,189,135,0,602,501,chapter_05_01,bgm_muspelheim_01,303002,0.223,1,1,303201,0.223,1,1,303401,0.223,1,1,306016,0.3,1,2,306045,0.024,1,1,306048,0.007,1,1,,,,,,,,,,,,,,,,,1,2
206,5,150,111,189,135,0,635,529,chapter_05_02,bgm_muspelheim_02,303002,0.223,1,1,303301,0.223,1,1,303401,0.223,1,1,306017,0.3,1,2,306045,0.024,1,1,306048,0.007,1,1,,,,,,,,,,,,,,,,,1,2
207,5,150,111,185,135,0,662,552,chapter_05_01,bgm_muspelheim_01,303201,0.223,1,1,303301,0.223,1,1,303401,0.223,1,1,306053,0.3,1,2,306045,0.024,1,1,306047,0.007,1,1,,,,,,,,,,,,,,,,,1,2
208,5,150,112,185,135,0,747,623,chapter_05_02,bgm_muspelheim_02,303102,0.223,1,1,303301,0.223,1,1,303401,0.223,1,1,306055,0.3,1,2,306045,0.024,1,1,306047,0.007,1,1,,,,,,,,,,,,,,,,,1,2
209,5,150,112,180,135,0,643,536,chapter_05_01,bgm_muspelheim_01,303002,0.223,1,1,303102,0.223,1,1,303301,0.223,1,1,306015,0.3,1,2,306045,0.024,1,1,306048,0.007,1,1,,,,,,,,,,,,,,,,,1,2
210,5,150,113,180,135,0,714,594,chapter_05_03,bgm_muspelheim_03,302012,1,1,1,302014,1,1,1,302015,1,1,1,303002,0.22,1,1,303102,0.22,1,1,306054,0.3,1,2,306045,0.03,1,1,306047,0.01,1,1,,,,,,,,,3,4
211,5,150,110,171,135,0,752,626,chapter_05_01,bgm_muspelheim_01,303102,0.22,1,1,303201,0.22,1,1,303401,0.22,1,1,306055,0.3,1,2,306045,0.03,1,1,306047,0.01,1,1,,,,,,,,,,,,,,,,,1,2
212,5,150,112,171,135,0,765,582,chapter_05_01,bgm_muspelheim_01,303002,0.22,1,1,303201,0.22,1,1,303302,0.22,1,1,306016,0.3,1,2,306045,0.03,1,1,306048,0.01,1,1,,,,,,,,,,,,,,,,,1,2
213,5,150,114,171,135,0,810,592,chapter_05_02,bgm_muspelheim_02,303002,0.22,1,1,303102,0.22,1,1,303401,0.22,1,1,306016,0.3,1,2,306045,0.03,1,1,306048,0.01,1,1,,,,,,,,,,,,,,,,,1,2
214,5,150,116,171,135,0,792,578,chapter_05_01,bgm_muspelheim_01,303102,0.22,1,1,303302,0.22,1,1,303401,0.22,1,1,306054,0.3,1,2,306045,0.03,1,1,306047,0.01,1,1,,,,,,,,,,,,,,,,,1,2
215,5,150,117,171,135,0,774,575,chapter_05_01,bgm_muspelheim_01,303201,0.22,1,1,303302,0.22,1,1,303401,0.22,1,1,306015,0.3,1,2,306045,0.03,1,1,306048,0.01,1,1,,,,,,,,,,,,,,,,,1,2
216,5,150,119,171,135,0,810,601,chapter_05_02,bgm_muspelheim_02,303102,0.218,1,1,303202,0.218,1,1,303401,0.218,1,1,306016,0.3,1,2,306045,0.036,1,1,306048,0.01,1,1,,,,,,,,,,,,,,,,,1,2
217,5,150,121,171,135,0,855,644,chapter_05_01,bgm_muspelheim_01,303102,0.218,1,1,303202,0.218,1,1,303302,0.218,1,1,306054,0.3,1,2,306045,0.036,1,1,306047,0.01,1,1,,,,,,,,,,,,,,,,,1,2
218,5,150,123,171,135,0,828,612,chapter_05_02,bgm_muspelheim_02,303002,0.218,1,1,303302,0.218,1,1,303401,0.218,1,1,306017,0.3,1,2,306045,0.036,1,1,306048,0.01,1,1,,,,,,,,,,,,,,,,,1,2
219,5,150,125,171,135,0,855,639,chapter_05_01,bgm_muspelheim_01,303002,0.218,1,1,303202,0.218,1,1,303401,0.218,1,1,306053,0.3,1,2,306045,0.036,1,1,306047,0.01,1,1,,,,,,,,,,,,,,,,,1,2
220,5,150,126,171,135,0,810,648,chapter_05_03,bgm_muspelheim_03,302016,1,1,1,302002,1,1,1,303002,0.217,1,1,303102,0.217,1,1,303202,0.217,1,1,306017,0.3,1,2,306045,0.038,1,1,306048,0.011,1,1,,,,,,,,,3,4
221,5,150,190,207,176,0,813,666,chapter_05_01,bgm_muspelheim_01,303202,0.217,1,1,303302,0.217,1,1,303401,0.217,1,1,306017,0.3,1,2,306045,0.038,1,1,306048,0.011,1,1,,,,,,,,,,,,,,,,,1,2
222,5,150,254,242,216,0,890,684,chapter_05_01,bgm_muspelheim_01,303102,0.217,1,1,303302,0.217,1,1,303401,0.217,1,1,306015,0.3,1,2,306045,0.038,1,1,306048,0.011,1,1,,,,,,,,,,,,,,,,,1,2
223,5,150,318,277,257,0,997,702,chapter_05_02,bgm_muspelheim_02,303002,0.217,1,1,303202,0.217,1,1,303302,0.217,1,1,306055,0.3,1,2,306045,0.038,1,1,306047,0.011,1,1,,,,,,,,,,,,,,,,,1,2
224,5,150,382,312,297,0,1020,720,chapter_05_01,bgm_muspelheim_01,303002,0.217,1,1,303202,0.217,1,1,303302,0.217,1,1,306016,0.3,1,2,306045,0.038,1,1,306048,0.011,1,1,,,,,,,,,,,,,,,,,1,2
225,5,150,446,347,338,0,1026,720,chapter_05_01,bgm_muspelheim_01,303102,0.217,1,1,303202,0.217,1,1,303402,0.217,1,1,306016,0.3,1,2,306045,0.038,1,1,306048,0.011,1,1,,,,,,,,,,,,,,,,,1,2
226,5,150,510,382,378,0,1033,720,chapter_05_02,bgm_muspelheim_02,303002,0.217,1,1,303102,0.217,1,1,303302,0.217,1,1,306015,0.3,1,2,306045,0.038,1,1,306048,0.011,1,1,,,,,,,,,,,,,,,,,1,2
227,5,150,574,417,419,0,1039,720,chapter_05_01,bgm_muspelheim_01,303002,0.217,1,1,303102,0.217,1,1,303402,0.217,1,1,306053,0.3,1,2,306045,0.038,1,1,306047,0.011,1,1,,,,,,,,,,,,,,,,,1,2
228,5,150,638,452,459,0,1037,720,chapter_05_02,bgm_muspelheim_02,303102,0.217,1,1,303302,0.217,1,1,303402,0.217,1,1,306017,0.3,1,2,306045,0.038,1,1,306048,0.011,1,1,,,,,,,,,,,,,,,,,1,2
229,5,150,702,487,500,0,1041,723,chapter_05_01,bgm_muspelheim_01,303202,0.217,1,1,303302,0.217,1,1,303402,0.217,1,1,306015,0.3,1,2,306045,0.038,1,1,306048,0.011,1,1,,,,,,,,,,,,,,,,,1,2
230,5,150,765,522,540,0,1044,726,chapter_05_03,bgm_muspelheim_03,302012,1,1,1,302014,1,1,1,302015,1,1,1,302017,1,1,1,303002,0.216,1,1,303102,0.216,1,1,306045,0.04,1,1,306048,0.012,1,1,,,,,,,,,3,4
231,5,150,765,522,540,0,1048,729,chapter_05_01,bgm_muspelheim_01,303202,0.216,1,1,303302,0.216,1,1,303402,0.216,1,1,306055,0.3,1,2,306045,0.04,1,1,306047,0.012,1,1,,,,,,,,,,,,,,,,,1,2
232,5,150,765,522,540,0,1052,731,chapter_05_01,bgm_muspelheim_01,303002,0.216,1,1,303202,0.216,1,1,303302,0.216,1,1,306054,0.3,1,2,306045,0.04,1,1,306047,0.012,1,1,,,,,,,,,,,,,,,,,1,2
233,5,150,765,522,540,0,978,734,chapter_05_02,bgm_muspelheim_02,303102,0.216,1,1,303202,0.216,1,1,303302,0.216,1,1,306015,0.3,1,2,306045,0.04,1,1,306048,0.012,1,1,,,,,,,,,,,,,,,,,1,2
234,5,150,765,522,540,0,999,737,chapter_05_01,bgm_muspelheim_01,303202,0.216,1,1,303302,0.216,1,1,303402,0.216,1,1,306053,0.3,1,2,306045,0.04,1,1,306047,0.012,1,1,,,,,,,,,,,,,,,,,1,2
235,5,150,765,522,540,0,1048,739,chapter_05_01,bgm_muspelheim_01,303202,0.216,1,1,303302,0.216,1,1,303402,0.216,1,1,306054,0.3,1,2,306045,0.04,1,1,306047,0.012,1,1,,,,,,,,,,,,,,,,,1,2
236,5,150,765,522,540,0,1151,742,chapter_05_02,bgm_muspelheim_02,303002,0.216,1,1,303102,0.216,1,1,303402,0.216,1,1,306017,0.3,1,2,306045,0.04,1,1,306048,0.012,1,1,,,,,,,,,,,,,,,,,1,2
237,5,150,765,522,540,0,1071,745,chapter_05_01,bgm_muspelheim_01,303102,0.216,1,1,303202,0.216,1,1,303302,0.216,1,1,306054,0.3,1,2,306045,0.04,1,1,306047,0.012,1,1,,,,,,,,,,,,,,,,,1,2
238,5,150,765,522,540,0,1093,747,chapter_05_02,bgm_muspelheim_02,303203,0.216,1,1,303302,0.216,1,1,303402,0.216,1,1,306007,0.3,1,2,306045,0.04,1,1,306049,0.012,1,1,,,,,,,,,,,,,,,,,1,2
239,5,150,765,522,540,0,1018,750,chapter_05_01,bgm_muspelheim_01,303002,0.216,1,1,303102,0.216,1,1,303402,0.216,1,1,306008,0.3,1,2,306045,0.04,1,1,306049,0.012,1,1,,,,,,,,,,,,,,,,,1,2
240,5,150,770,549,549,0,1149,753,chapter_05_03,bgm_muspelheim_03,302016,1,1,1,302002,1,1,1,302017,1,1,1,302018,1,1,1,303002,0.215,1,1,303302,0.215,1,1,306045,0.042,1,1,306049,0.013,1,1,,,,,,,,,3,4
241,5,150,805,594,567,0,1212,792,chapter_05_01,bgm_muspelheim_01,303102,0.215,1,1,303302,0.215,1,1,303402,0.215,1,1,306017,0.3,1,2,306045,0.042,1,1,306048,0.013,1,1,,,,,,,,,,,,,,,,,1,2
242,5,150,836,638,584,0,1152,794,chapter_05_01,bgm_muspelheim_01,303102,0.215,1,1,303203,0.215,1,1,303402,0.215,1,1,306053,0.3,1,2,306045,0.042,1,1,306047,0.013,1,1,,,,,,,,,,,,,,,,,1,2
243,5,150,866,682,601,0,1212,796,chapter_05_02,bgm_muspelheim_02,303002,0.215,1,1,303302,0.215,1,1,303402,0.215,1,1,306017,0.3,1,2,306045,0.042,1,1,306048,0.013,1,1,,,,,,,,,,,,,,,,,1,2
244,5,150,897,726,618,0,1177,798,chapter_05_01,bgm_muspelheim_01,303002,0.215,1,1,303102,0.215,1,1,303402,0.215,1,1,306055,0.3,1,2,306045,0.042,1,1,306047,0.013,1,1,,,,,,,,,,,,,,,,,1,2
245,5,150,927,770,635,0,1177,800,chapter_05_01,bgm_muspelheim_01,303002,0.215,1,1,303102,0.215,1,1,303203,0.215,1,1,306007,0.3,1,2,306045,0.042,1,1,306049,0.013,1,1,,,,,,,,,,,,,,,,,1,2
246,5,150,958,814,652,0,1129,801,chapter_05_02,bgm_muspelheim_02,303303,1,2,2,,,,,,,,,,,,,,,,,,,,,,,,,,,,,,,,,,,,,1,2
247,5,150,989,858,669,0,1164,803,chapter_05_01,bgm_muspelheim_01,303002,0.215,1,1,303102,0.215,1,1,303303,0.215,1,1,306029,0.3,1,2,306045,0.042,1,1,306046,0.013,1,1,,,,,,,,,,,,,,,,,1,2
248,5,150,1019,902,686,0,1212,805,chapter_05_02,bgm_muspelheim_02,303002,0.215,1,1,303102,0.215,1,1,303303,0.215,1,1,306031,0.3,1,2,306045,0.042,1,1,306046,0.013,1,1,,,,,,,,,,,,,,,,,1,2
249,5,150,1050,946,703,0,1177,807,chapter_05_01,bgm_muspelheim_01,303002,0.215,1,1,303203,0.215,1,1,303303,0.215,1,1,306030,0.3,1,2,306045,0.042,1,1,306046,0.013,1,1,,,,,,,,,,,,,,,,,1,2
250,5,150,1080,990,720,0,1260,809,chapter_05_03,bgm_muspelheim_03,302012,1,1,1,302014,1,1,1,302015,1,1,1,302017,1,1,1,302018,1,1,1,303002,0.214,1,1,306045,0.044,1,1,306046,0.014,1,1,,,,,,,,,3,4
251,5,150,446,559,381,0,1248,1248,chapter_06_01,bgm_jotunheim_01,303202,1,3,3,,,,,,,,,,,,,,,,,,,,,,,,,,,,,,,,,,,,,2,3
252,5,150,453,527,383,0,1265,1265,chapter_06_01,bgm_jotunheim_01,303003,1,3,3,,,,,,,,,,,,,,,,,,,,,,,,,,,,,,,,,,,,,1,3
253,5,150,456,527,384,0,1283,1283,chapter_06_02,bgm_jotunheim_02,303003,0.43,1,2,306055,0.5,3,3,306045,0.05,1,1,306046,0.02,1,1,,,,,,,,,,,,,,,,,,,,,,,,,1,3
254,5,150,459,527,385,0,1300,1300,chapter_06_01,bgm_jotunheim_01,303303,0.43,1,2,306030,0.5,3,3,306045,0.05,1,1,306046,0.02,1,1,,,,,,,,,,,,,,,,,,,,,,,,,1,3
255,5,150,462,527,386,0,1318,1318,chapter_06_01,bgm_jotunheim_01,303403,1,3,3,,,,,,,,,,,,,,,,,,,,,,,,,,,,,,,,,,,,,1,3
256,5,150,466,527,387,0,1336,1336,chapter_06_02,bgm_jotunheim_02,303403,0.43,1,2,306029,0.5,3,3,306045,0.06,1,2,306046,0.03,1,1,,,,,,,,,,,,,,,,,,,,,,,,,1,3
257,5,150,469,527,387,0,1377,1377,chapter_06_01,bgm_jotunheim_01,303203,0.43,1,2,306030,0.5,3,3,306045,0.06,1,2,306046,0.03,1,1,,,,,,,,,,,,,,,,,,,,,,,,,1,3
258,5,150,472,527,388,0,1370,1370,chapter_06_02,bgm_jotunheim_02,303203,0.43,1,2,306029,0.5,3,3,306045,0.06,1,2,306046,0.03,1,1,,,,,,,,,,,,,,,,,,,,,,,,,1,3
259,5,150,476,527,389,0,1380,1380,chapter_06_01,bgm_jotunheim_01,303103,1,3,3,,,,,,,,,,,,,,,,,,,,,,,,,,,,,,,,,,,,,1,3
260,5,150,478,527,389,0,1397,1397,chapter_06_03,bgm_jotunheim_03,302019,1,1,1,302020,1,1,1,302021,1,1,1,303103,0.43,1,2,306031,0.5,3,3,306045,0.06,1,2,306046,0.03,1,1,,,,,,,,,,,,,4,6
261,5,150,1090,530,400,0,1415,1415,chapter_06_01,bgm_jotunheim_01,303303,1,3,3,,,,,,,,,,,,,,,,,,,,,,,,,,,,,,,,,,,,,1,3
262,5,150,1103,532,405,0,1432,1432,chapter_06_01,bgm_jotunheim_01,303303,0.43,1,2,306008,0.5,3,3,306045,0.05,1,1,306049,0.02,1,1,,,,,,,,,,,,,,,,,,,,,,,,,1,3
263,5,150,1150,535,408,0,1450,1450,chapter_06_02,bgm_jotunheim_02,303003,0.43,1,2,306031,0.5,3,3,306045,0.05,1,1,306049,0.02,1,1,,,,,,,,,,,,,,,,,,,,,,,,,1,3
264,5,150,1166,537,413,0,1467,1467,chapter_06_01,bgm_jotunheim_01,303003,0.43,1,2,306008,0.5,3,3,306045,0.05,1,1,306049,0.02,1,1,,,,,,,,,,,,,,,,,,,,,,,,,1,3
265,5,150,1094,540,416,0,1566,1566,chapter_06_01,bgm_jotunheim_01,303403,0.43,1,2,306006,0.5,3,3,306045,0.05,1,1,306049,0.02,1,1,,,,,,,,,,,,,,,,,,,,,,,,,1,3
266,5,150,1107,542,421,0,1584,1584,chapter_06_02,bgm_jotunheim_02,303403,0.43,1,2,306007,0.5,3,3,306045,0.05,1,1,306049,0.02,1,1,,,,,,,,,,,,,,,,,,,,,,,,,1,3
267,5,150,1120,544,424,0,1521,1521,chapter_06_01,bgm_jotunheim_01,303203,1,3,3,,,,,,,,,,,,,,,,,,,,,,,,,,,,,,,,,,,,,1,3
268,5,150,1134,547,429,0,1538,1538,chapter_06_02,bgm_jotunheim_02,303203,0.43,1,2,306006,0.5,3,3,306045,0.06,1,1,306049,0.03,1,1,,,,,,,,,,,,,,,,,,,,,,,,,1,3
269,5,150,1146,549,432,0,1556,1556,chapter_06_01,bgm_jotunheim_01,303103,0.43,1,2,306007,0.5,3,3,306045,0.06,1,1,306049,0.03,1,1,,,,,,,,,,,,,,,,,,,,,,,,,1,3
270,5,150,495,551,437,0,1573,1573,chapter_06_03,bgm_jotunheim_03,302016,1,1,1,302002,1,1,1,302017,1,1,1,303103,0.43,1,2,306015,0.5,3,3,306045,0.06,1,1,306049,0.03,1,1,,,,,,,,,,,,,4,6
271,5,150,624,626,492,0,1590,1590,chapter_06_01,bgm_jotunheim_01,303303,0.43,1,2,306016,0.5,3,3,306045,0.05,1,1,306048,0.02,1,1,,,,,,,,,,,,,,,,,,,,,,,,,1,3
272,5,150,753,701,545,0,1608,1608,chapter_06_01,bgm_jotunheim_01,303303,0.43,1,2,306015,0.5,3,3,306045,0.05,1,1,306048,0.02,1,1,,,,,,,,,,,,,,,,,,,,,,,,,1,3
273,5,150,882,775,599,0,1625,1625,chapter_06_02,bgm_jotunheim_02,303403,0.43,1,2,306016,0.5,3,3,306045,0.05,1,1,306048,0.02,1,1,,,,,,,,,,,,,,,,,,,,,,,,,1,3
274,5,150,1010,850,652,0,1643,1643,chapter_06_01,bgm_jotunheim_01,303403,0.43,1,2,306017,0.5,3,3,306045,0.05,1,1,306048,0.02,1,1,,,,,,,,,,,,,,,,,,,,,,,,,1,3
275,5,150,1139,924,705,0,1661,1661,chapter_06_01,bgm_jotunheim_01,303003,0.43,1,2,306016,0.5,3,3,306045,0.05,1,1,306048,0.02,1,1,,,,,,,,,,,,,,,,,,,,,,,,,1,3
276,5,150,1268,999,759,0,1677,1677,chapter_06_02,bgm_jotunheim_02,303003,0.43,1,2,306017,0.5,3,3,306045,0.05,1,1,306048,0.03,1,1,,,,,,,,,,,,,,,,,,,,,,,,,1,3
277,5,150,1396,1073,812,0,1695,1695,chapter_06_01,bgm_jotunheim_01,303203,0.43,1,2,306015,0.5,3,3,306045,0.05,1,1,306048,0.03,1,1,,,,,,,,,,,,,,,,,,,,,,,,,1,3
278,5,150,1525,1148,866,0,1713,1713,chapter_06_02,bgm_jotunheim_02,303203,0.43,1,2,306054,0.5,3,3,306045,0.05,1,1,306048,0.03,1,1,,,,,,,,,,,,,,,,,,,,,,,,,1,3
279,5,150,1654,1223,919,0,1730,1730,chapter_06_01,bgm_jotunheim_01,303103,0.43,1,2,306015,0.5,3,3,306045,0.05,1,1,306048,0.03,1,1,,,,,,,,,,,,,,,,,,,,,,,,,1,3
280,5,150,1782,1296,972,0,1748,1748,chapter_06_03,bgm_jotunheim_03,302019,1,1,1,302020,1,1,1,302021,1,1,1,302022,1,1,1,303103,0.43,1,2,306055,0.5,3,3,306045,0.05,1,1,306048,0.03,1,1,,,,,,,,,5,7
281,5,150,1799,1305,981,0,1765,1765,chapter_06_01,bgm_jotunheim_01,303303,0.43,1,2,306054,0.5,3,3,306045,0.05,1,1,306047,0.02,1,1,,,,,,,,,,,,,,,,,,,,,,,,,1,3
282,5,150,1815,1314,989,0,1782,1782,chapter_06_01,bgm_jotunheim_01,303303,1,3,3,,,,,,,,,,,,,,,,,,,,,,,,,,,,,,,,,,,,,2,3
283,5,150,1831,1323,997,0,1800,1800,chapter_06_02,bgm_jotunheim_02,303403,0.43,1,2,306055,0.5,3,3,306045,0.05,1,1,306047,0.02,1,1,,,,,,,,,,,,,,,,,,,,,,,,,1,3
284,5,150,1847,1332,1005,0,1818,1818,chapter_06_01,bgm_jotunheim_01,303403,1,3,3,,,,,,,,,,,,,,,,,,,,,,,,,,,,,,,,,,,,,2,3
285,5,150,1863,1341,1013,0,1836,1836,chapter_06_01,bgm_jotunheim_01,303103,0.43,1,2,306053,0.5,3,3,306045,0.05,1,1,306047,0.02,1,1,,,,,,,,,,,,,,,,,,,,,,,,,1,3
286,5,150,1880,1350,1021,0,1854,1854,chapter_06_02,bgm_jotunheim_02,303103,1,3,3,,,,,,,,,,,,,,,,,,,,,,,,,,,,,,,,,,,,,2,3
287,5,150,1896,1359,1029,0,1871,1871,chapter_06_01,bgm_jotunheim_01,303203,0.43,1,2,306055,0.5,3,3,306045,0.05,1,1,306047,0.02,1,1,,,,,,,,,,,,,,,,,,,,,,,,,1,3
288,5,150,1912,1368,1037,0,1888,1888,chapter_06_02,bgm_jotunheim_02,303203,1,3,3,,,,,,,,,,,,,,,,,,,,,,,,,,,,,,,,,,,,,2,3
289,5,150,1928,1377,1045,0,1906,1906,chapter_06_01,bgm_jotunheim_01,303003,0.43,1,2,306054,0.5,3,3,306045,0.05,1,1,306047,0.02,1,1,,,,,,,,,,,,,,,,,,,,,,,,,1,3
290,5,150,1944,1386,1053,0,1923,1923,chapter_06_03,bgm_jotunheim_03,302016,1,1,1,302002,1,1,1,302017,1,1,1,302018,1,1,1,303003,1,3,3,,,,,,,,,,,,,,,,,,,,,6,7
291,5,150,1965,1402,1058,0,1941,1941,chapter_06_01,bgm_jotunheim_01,303303,0.43,1,2,306054,0.5,3,3,306045,0.05,1,1,306046,0.03,1,1,,,,,,,,,,,,,,,,,,,,,,,,,1,3
292,5,150,1985,1417,1062,0,1958,1958,chapter_06_01,bgm_jotunheim_01,303303,0.43,1,2,306053,0.5,3,3,306045,0.05,1,1,306046,0.03,1,1,,,,,,,,,,,,,,,,,,,,,,,,,1,3
293,5,150,2006,1432,1066,0,1976,1976,chapter_06_02,bgm_jotunheim_02,303103,0.43,1,2,306054,0.5,3,3,306045,0.05,1,1,306049,0.03,1,1,,,,,,,,,,,,,,,,,,,,,,,,,1,3
294,5,150,2025,1448,1070,0,1993,1993,chapter_06_01,bgm_jotunheim_01,303103,0.43,1,2,306053,0.5,3,3,306045,0.05,1,1,306048,0.03,1,1,,,,,,,,,,,,,,,,,,,,,,,,,1,3
295,5,150,2046,1463,1074,0,2010,2010,chapter_06_01,bgm_jotunheim_01,303203,0.43,1,2,306054,0.5,3,3,306045,0.05,1,1,306047,0.03,1,1,,,,,,,,,,,,,,,,,,,,,,,,,1,3
296,5,150,2066,1478,1078,0,2028,2028,chapter_06_02,bgm_jotunheim_02,303203,0.43,1,2,306055,0.5,3,3,306045,0.05,1,1,306046,0.03,1,1,,,,,,,,,,,,,,,,,,,,,,,,,1,3
297,5,150,2087,1494,1082,0,2046,2046,chapter_06_01,bgm_jotunheim_01,303403,0.43,1,2,306053,0.5,3,3,306045,0.05,1,1,306049,0.03,1,1,,,,,,,,,,,,,,,,,,,,,,,,,1,3
298,5,150,2106,1509,1086,0,1901,1901,chapter_06_02,bgm_jotunheim_02,303403,0.43,1,2,306054,0.5,3,3,306045,0.05,1,1,306048,0.03,1,1,,,,,,,,,,,,,,,,,,,,,,,,,1,3
299,5,150,2127,1524,1090,0,2028,2028,chapter_06_01,bgm_jotunheim_01,303003,0.43,1,2,306055,0.5,3,3,306045,0.05,1,1,306047,0.03,1,1,,,,,,,,,,,,,,,,,,,,,,,,,1,3
300,5,150,2147,1539,1094,0,2046,2046,chapter_06_03,bgm_jotunheim_03,302019,1,1,1,302020,1,1,1,302021,1,1,1,302022,1,1,1,302013,1,1,1,306046,0.05,1,1,306049,0.05,1,1,306048,0.05,1,1,,,,,,,,,6,8
301,5,150,1101,875,129,0,2008,1800,chapter_07_01,bgm_niflheim_01,303004,1,4,4,,,,,,,,,,,,,,,,,,,,,,,,,,,,,,,,,,,,,4,4
302,5,150,1121,894,134,0,2073,1814,chapter_07_01,bgm_niflheim_01,303004,0.4,1,1,306075,0.45,2,3,306070,0.1,1,1,306071,0.05,1,1,,,,,,,,,,,,,,,,,,,,,,,,,2,3
303,5,150,1131,904,136,0,2138,1828,chapter_07_02,bgm_niflheim_02,303004,0.4,1,1,306075,0.45,2,3,306070,0.1,1,1,306071,0.05,1,1,,,,,,,,,,,,,,,,,,,,,,,,,2,3
304,5,150,1140,914,137,0,2203,1841,chapter_07_01,bgm_niflheim_01,303004,0.4,1,1,306075,0.45,2,3,306070,0.1,1,1,306074,0.05,1,1,,,,,,,,,,,,,,,,,,,,,,,,,2,3
305,5,150,1151,924,140,0,2268,1856,chapter_07_01,bgm_niflheim_01,303004,0.4,1,1,306075,0.45,2,3,306070,0.1,1,1,306074,0.05,1,1,,,,,,,,,,,,,,,,,,,,,,,,,2,3
306,5,150,1160,933,142,0,2462,1870,chapter_07_02,bgm_niflheim_02,303204,1,4,4,,,,,,,,,,,,,,,,,,,,,,,,,,,,,,,,,,,,,4,4
307,5,150,1170,943,144,0,2656,1904,chapter_07_01,bgm_niflheim_01,303204,0.4,1,1,306076,0.45,2,3,306070,0.1,1,1,306071,0.05,1,1,,,,,,,,,,,,,,,,,,,,,,,,,2,3
308,5,150,1180,952,145,0,2851,1898,chapter_07_02,bgm_niflheim_02,303204,0.4,1,1,306076,0.45,2,3,306070,0.1,1,1,306071,0.05,1,1,,,,,,,,,,,,,,,,,,,,,,,,,2,3
309,5,150,1189,963,148,0,3045,1905,chapter_07_01,bgm_niflheim_01,303204,0.4,1,1,306076,0.45,2,3,306070,0.1,1,1,306074,0.05,1,1,,,,,,,,,,,,,,,,,,,,,,,,,2,3
310,5,150,1199,972,149,0,3240,1919,chapter_07_03,bgm_niflheim_03,302016,1,1,1,302002,1,1,1,302017,1,1,1,302018,1,1,1,303204,0.4,1,1,306076,0.45,2,3,306070,0.1,1,1,306074,0.05,1,1,,,,,,,,,6,7
311,5,150,1201,982,143,0,3434,1868,chapter_07_01,bgm_niflheim_01,303104,1,4,4,,,,,,,,,,,,,,,,,,,,,,,,,,,,,,,,,,,,,4,4
312,5,150,1203,992,143,0,3628,1882,chapter_07_01,bgm_niflheim_01,303104,0.4,1,1,306077,0.45,2,3,306070,0.1,1,1,306071,0.05,1,1,,,,,,,,,,,,,,,,,,,,,,,,,2,3
313,5,150,1205,1001,143,0,3823,1896,chapter_07_02,bgm_niflheim_02,303104,0.4,1,1,306077,0.45,2,3,306070,0.1,1,1,306071,0.05,1,1,,,,,,,,,,,,,,,,,,,,,,,,,2,3
314,5,150,1207,1011,143,0,4017,1911,chapter_07_01,bgm_niflheim_01,303104,0.4,1,1,306077,0.45,2,3,306070,0.1,1,1,306074,0.05,1,1,,,,,,,,,,,,,,,,,,,,,,,,,2,3
315,5,150,1209,1021,143,0,4212,2073,chapter_07_01,bgm_niflheim_01,303104,0.4,1,1,306077,0.45,2,3,306070,0.1,1,1,306074,0.05,1,1,,,,,,,,,,,,,,,,,,,,,,,,,2,3
316,5,150,1211,1030,143,0,4406,2088,chapter_07_02,bgm_niflheim_02,303304,1,4,4,,,,,,,,,,,,,,,,,,,,,,,,,,,,,,,,,,,,,4,4
317,5,150,1212,1040,143,0,4600,2037,chapter_07_01,bgm_niflheim_01,303304,0.4,1,1,306078,0.45,2,3,306070,0.1,1,1,306071,0.05,1,1,,,,,,,,,,,,,,,,,,,,,,,,,2,3
318,5,150,1215,1050,143,0,4795,2052,chapter_07_02,bgm_niflheim_02,303304,0.4,1,1,306078,0.45,2,3,306070,0.1,1,1,306071,0.05,1,1,,,,,,,,,,,,,,,,,,,,,,,,,2,3
319,5,150,1216,1060,143,0,4989,2066,chapter_07_01,bgm_niflheim_01,303304,0.4,1,1,306078,0.45,2,3,306070,0.1,1,1,306074,0.05,1,1,,,,,,,,,,,,,,,,,,,,,,,,,2,3
320,5,150,1218,1069,143,0,5184,2048,chapter_07_03,bgm_niflheim_03,302023,1,1,1,302024,1,1,1,302025,1,1,1,302026,1,1,1,303304,0.4,1,1,306078,0.45,2,3,306070,0.1,1,1,306074,0.05,1,1,,,,,,,,,6,7
321,5,150,1327,1170,324,0,5378,2093,chapter_07_01,bgm_niflheim_01,303404,1,4,4,,,,,,,,,,,,,,,,,,,,,,,,,,,,,,,,,,,,,4,4
322,5,150,1435,1270,504,0,5572,2108,chapter_07_01,bgm_niflheim_01,303404,0.4,1,1,306079,0.45,2,3,306070,0.1,1,1,306071,0.05,1,1,,,,,,,,,,,,,,,,,,,,,,,,,2,3
323,5,150,1543,1371,684,0,5767,2121,chapter_07_02,bgm_niflheim_02,303404,0.4,1,1,306079,0.45,2,3,306070,0.1,1,1,306071,0.05,1,1,,,,,,,,,,,,,,,,,,,,,,,,,2,3
324,5,150,1652,1471,864,0,5961,2136,chapter_07_01,bgm_niflheim_01,303404,0.4,1,1,306079,0.45,2,3,306070,0.1,1,1,306074,0.05,1,1,,,,,,,,,,,,,,,,,,,,,,,,,2,3
325,5,150,1760,1572,1044,0,6156,2182,chapter_07_01,bgm_niflheim_01,303404,0.4,1,1,306079,0.45,2,3,306070,0.1,1,1,306074,0.05,1,1,,,,,,,,,,,,,,,,,,,,,,,,,2,3
326,5,150,1868,1672,1224,0,6480,2196,chapter_07_02,bgm_niflheim_02,303004,1,6,6,,,,,,,,,,,,,,,,,,,,,,,,,,,,,,,,,,,,,6,6
327,5,150,1976,1772,1404,0,6804,2210,chapter_07_01,bgm_niflheim_01,303204,1,6,6,,,,,,,,,,,,,,,,,,,,,,,,,,,,,,,,,,,,,6,6
328,5,150,2084,1872,1584,0,7128,2224,chapter_07_02,bgm_niflheim_02,303004,0.4,1,1,306080,0.45,3,4,306070,0.1,1,1,306073,0.05,1,1,,,,,,,,,,,,,,,,,,,,,,,,,3,4
329,5,150,2192,1973,1764,0,7452,2238,chapter_07_01,bgm_niflheim_01,303204,0.4,1,1,306081,0.45,3,4,306070,0.1,1,1,306072,0.05,1,1,,,,,,,,,,,,,,,,,,,,,,,,,3,4
330,5,150,2300,2073,1944,0,7776,2284,chapter_07_03,bgm_niflheim_03,302016,1,1,1,302002,1,1,1,302017,1,1,1,302018,1,1,1,303004,0.4,1,1,306080,0.45,3,4,306070,0.1,1,1,306072,0.05,1,1,,,,,,,,,7,8
331,5,150,2300,2041,1957,0,7840,2298,chapter_07_01,bgm_niflheim_01,303204,0.4,1,1,306081,0.45,3,4,306070,0.1,1,1,306073,0.05,1,1,,,,,,,,,,,,,,,,,,,,,,,,,3,4
332,5,150,2300,2041,1970,0,7905,2312,chapter_07_01,bgm_niflheim_01,303004,0.4,1,1,306080,0.45,3,4,306070,0.1,1,1,306073,0.05,1,1,,,,,,,,,,,,,,,,,,,,,,,,,3,4
333,5,150,2300,2041,1983,0,7970,2326,chapter_07_02,bgm_niflheim_02,303204,0.4,1,1,306081,0.45,3,4,306070,0.1,1,1,306072,0.05,1,1,,,,,,,,,,,,,,,,,,,,,,,,,3,4
334,5,150,2300,2041,1996,0,8035,2340,chapter_07_01,bgm_niflheim_01,303104,1,6,6,,,,,,,,,,,,,,,,,,,,,,,,,,,,,,,,,,,,,6,6
335,5,150,2300,2041,2008,0,8100,2387,chapter_07_01,bgm_niflheim_01,303304,1,6,6,,,,,,,,,,,,,,,,,,,,,,,,,,,,,,,,,,,,,6,6
336,5,150,2300,2041,2022,0,7776,2401,chapter_07_02,bgm_niflheim_02,303104,0.4,1,1,306082,0.45,3,4,306070,0.1,1,1,306073,0.05,1,1,,,,,,,,,,,,,,,,,,,,,,,,,3,4
337,5,150,2300,2041,2035,0,7452,2415,chapter_07_01,bgm_niflheim_01,303304,0.4,1,1,306083,0.45,3,4,306070,0.1,1,1,306072,0.05,1,1,,,,,,,,,,,,,,,,,,,,,,,,,3,4
338,5,150,2300,2041,2048,0,7128,2429,chapter_07_02,bgm_niflheim_02,303104,0.4,1,1,306082,0.45,3,4,306070,0.1,1,1,306072,0.05,1,1,,,,,,,,,,,,,,,,,,,,,,,,,3,4
339,5,150,2300,2041,2060,0,6804,2443,chapter_07_01,bgm_niflheim_01,303304,0.4,1,1,306083,0.45,3,4,306070,0.1,1,1,306073,0.05,1,1,,,,,,,,,,,,,,,,,,,,,,,,,3,4
340,5,150,2300,2041,2073,0,6480,2489,chapter_07_03,bgm_niflheim_03,302023,1,1,1,302024,1,1,1,302025,1,1,1,302026,1,1,1,302027,1,1,1,303104,0.4,1,1,306070,0.1,1,1,306073,0.05,1,1,,,,,,,,,5,6
341,5,150,2345,1529,2093,0,6544,2504,chapter_07_01,bgm_niflheim_01,303304,0.4,1,1,306083,0.45,3,4,306070,0.1,1,1,306072,0.05,1,1,,,,,,,,,,,,,,,,,,,,,,,,,3,4
342,5,150,2389,1665,2112,0,6933,2517,chapter_07_01,bgm_niflheim_01,303404,1,6,6,,,,,,,,,,,,,,,,,,,,,,,,,,,,,,,,,,,,,6,6
343,5,150,2433,1801,2132,0,7322,2532,chapter_07_02,bgm_niflheim_02,303404,0.4,1,1,306084,0.45,3,4,306070,0.1,1,1,306073,0.05,1,1,,,,,,,,,,,,,,,,,,,,,,,,,3,4
344,5,150,2476,1937,2152,0,7711,2546,chapter_07_01,bgm_niflheim_01,303404,0.4,1,1,306084,0.45,3,4,306070,0.1,1,1,306072,0.05,1,1,,,,,,,,,,,,,,,,,,,,,,,,,3,4
345,5,150,2520,2073,2171,0,8100,2592,chapter_07_01,bgm_niflheim_01,303404,0.4,1,1,306084,0.45,3,4,306070,0.1,1,1,306072,0.05,1,1,,,,,,,,,,,,,,,,,,,,,,,,,3,4
346,5,150,2565,2210,2190,0,8748,2851,chapter_07_02,bgm_niflheim_02,303004,0.4,2,3,306070,0.2,1,1,306071,0.1,1,1,306074,0.1,1,1,306073,0.1,1,1,306072,0.1,1,1,306072,0.1,1,1,,,,,,,,,,,,,2,3
347,5,150,2609,2346,2210,0,9396,3110,chapter_07_01,bgm_niflheim_01,303104,0.4,2,3,306070,0.2,1,1,306071,0.1,1,1,306074,0.1,1,1,306073,0.1,1,1,306072,0.1,1,1,306072,0.1,1,1,,,,,,,,,,,,,2,3
348,5,150,2653,2482,2229,0,10044,3369,chapter_07_02,bgm_niflheim_02,303204,0.4,2,3,306070,0.2,1,1,306071,0.1,1,1,306074,0.1,1,1,306073,0.1,1,1,306072,0.1,1,1,306072,0.1,1,1,,,,,,,,,,,,,2,3
349,5,150,2697,2618,2248,0,10368,3628,chapter_07_01,bgm_niflheim_01,303304,0.4,2,3,306070,0.2,1,1,306071,0.1,1,1,306074,0.1,1,1,306073,0.1,1,1,306072,0.1,1,1,306072,0.1,1,1,,,,,,,,,,,,,2,3
350,5,150,2741,2754,2268,0,10692,3888,chapter_07_03,bgm_niflheim_03,303404,0.4,2,3,306070,0.2,1,1,306071,0.1,1,1,306074,0.1,1,1,306073,0.1,1,1,306072,0.1,1,2,,,,,,,,,,,,,,,,,2,3
351,5,150,1620,518,648,0,6868,2786,chapter_08_01,bgm_hel_01,303005,1,2,2,,,,,,,,,,,,,,,,,,,,,,,,,,,,,,,,,,,,,2,2
352,5,150,1620,518,648,0,6868,2786,chapter_08_01,bgm_hel_01,303005,0.4,1,1,306090,0.45,2,3,306086,0.05,1,1,,,,,,,,,,,,,,,,,,,,,,,,,,,,,1,2
353,5,150,1620,518,648,0,6868,2786,chapter_08_02,bgm_hel_02,303005,0.4,1,1,306090,0.45,2,3,306086,0.05,1,1,,,,,,,,,,,,,,,,,,,,,,,,,,,,,1,2
354,5,150,1620,518,648,0,6868,2786,chapter_08_01,bgm_hel_01,303005,0.4,1,1,306090,0.45,2,3,306087,0.05,1,1,,,,,,,,,,,,,,,,,,,,,,,,,,,,,1,2
355,5,150,1620,518,648,0,6868,2786,chapter_08_01,bgm_hel_01,303005,0.4,1,1,306090,0.45,2,3,306087,0.05,1,1,,,,,,,,,,,,,,,,,,,,,,,,,,,,,1,2
356,5,150,1957,739,1296,0,7633,2786,chapter_08_02,bgm_hel_02,303205,1,2,2,,,,,,,,,,,,,,,,,,,,,,,,,,,,,,,,,,,,,2,2
357,5,150,2294,959,1944,0,8398,2786,chapter_08_01,bgm_hel_01,303205,0.4,1,1,306092,0.45,2,3,306087,0.05,1,1,,,,,,,,,,,,,,,,,,,,,,,,,,,,,1,2
358,5,150,2631,1180,2592,0,9163,2786,chapter_08_02,bgm_hel_02,303205,0.4,1,1,306092,0.45,2,3,306087,0.05,1,1,,,,,,,,,,,,,,,,,,,,,,,,,,,,,1,2
359,5,150,2968,1400,3240,0,9928,2786,chapter_08_01,bgm_hel_01,303205,0.4,1,1,306092,0.45,2,3,306086,0.05,1,1,,,,,,,,,,,,,,,,,,,,,,,,,,,,,1,2
360,5,150,3304,1620,3888,0,10692,2786,chapter_08_03,bgm_hel_03,302028,1,1,1,302029,1,1,1,302030,1,1,1,302031,1,1,1,303205,0.4,1,1,306092,0.45,2,3,306086,0.05,1,1,,,,,,,,,,,,,5,6
361,5,150,3356,1652,3920,0,10854,2896,chapter_08_01,bgm_hel_01,303105,1,2,2,,,,,,,,,,,,,,,,,,,,,,,,,,,,,,,,,,,,,2,2
362,5,150,3408,1684,3952,0,11016,3007,chapter_08_01,bgm_hel_01,303105,0.4,1,1,306091,0.45,2,3,306086,0.05,1,1,,,,,,,,,,,,,,,,,,,,,,,,,,,,,1,2
363,5,150,3460,1717,3985,0,11178,3117,chapter_08_02,bgm_hel_02,303105,0.4,1,1,306091,0.45,2,3,306086,0.05,1,1,,,,,,,,,,,,,,,,,,,,,,,,,,,,,1,2
364,5,150,3512,1749,4017,0,11340,3227,chapter_08_01,bgm_hel_01,303105,0.4,1,1,306091,0.45,2,3,306087,0.05,1,1,,,,,,,,,,,,,,,,,,,,,,,,,,,,,1,2
365,5,150,3564,1782,4050,0,11502,3337,chapter_08_01,bgm_hel_01,303105,0.4,1,1,306091,0.45,2,3,306087,0.05,1,1,,,,,,,,,,,,,,,,,,,,,,,,,,,,,1,2
366,5,150,3616,1814,4082,0,11664,3448,chapter_08_02,bgm_hel_02,303305,1,2,2,,,,,,,,,,,,,,,,,,,,,,,,,,,,,,,,,,,,,2,2
367,5,150,3668,1847,4115,0,11826,3557,chapter_08_01,bgm_hel_01,303305,0.4,1,1,306093,0.45,2,3,306087,0.05,1,1,,,,,,,,,,,,,,,,,,,,,,,,,,,,,1,2
368,5,150,3720,1879,4147,0,11988,3668,chapter_08_02,bgm_hel_02,303305,0.4,1,1,306093,0.45,2,3,306087,0.05,1,1,,,,,,,,,,,,,,,,,,,,,,,,,,,,,1,2
369,5,150,3772,1912,4180,0,12150,3778,chapter_08_01,bgm_hel_01,303305,0.4,1,1,306093,0.45,2,3,306086,0.05,1,1,,,,,,,,,,,,,,,,,,,,,,,,,,,,,1,2
370,5,150,3823,1944,4212,0,12312,3888,chapter_08_03,bgm_hel_03,302016,1,1,1,302002,1,1,1,302017,1,1,1,302018,1,1,1,303305,0.4,1,1,306093,0.45,2,3,306086,0.05,1,1,,,,,,,,,,,,,5,6
371,5,150,3881,2067,4244,0,13368,3888,chapter_08_01,bgm_hel_01,303405,1,2,2,,,,,,,,,,,,,,,,,,,,,,,,,,,,,,,,,,,,,2,2
372,5,150,3940,2190,4276,0,14424,3888,chapter_08_01,bgm_hel_01,303405,0.4,1,1,306094,0.45,2,3,306086,0.05,1,1,,,,,,,,,,,,,,,,,,,,,,,,,,,,,1,2
373,5,150,3998,2313,4309,0,15480,3888,chapter_08_02,bgm_hel_02,303405,0.4,1,1,306094,0.45,2,3,306086,0.05,1,1,,,,,,,,,,,,,,,,,,,,,,,,,,,,,1,2
374,5,150,4056,2436,4341,0,16537,3888,chapter_08_01,bgm_hel_01,303405,0.4,1,1,306094,0.45,2,3,306087,0.05,1,1,,,,,,,,,,,,,,,,,,,,,,,,,,,,,1,2
375,5,150,4115,2560,4374,0,17593,3888,chapter_08_01,bgm_hel_01,303405,0.4,1,1,306094,0.45,2,3,306087,0.05,1,1,,,,,,,,,,,,,,,,,,,,,,,,,,,,,1,2
376,5,150,4173,2683,4406,0,18649,3888,chapter_08_02,bgm_hel_02,303005,1,3,3,,,,,,,,,,,,,,,,,,,,,,,,,,,,,,,,,,,,,3,3
377,5,150,4232,2806,4439,0,19706,3888,chapter_08_01,bgm_hel_01,303205,1,3,3,,,,,,,,,,,,,,,,,,,,,,,,,,,,,,,,,,,,,3,3
378,5,150,4290,2929,4471,0,20762,3888,chapter_08_02,bgm_hel_02,303005,0.4,1,1,306095,0.45,3,4,306097,0.45,1,1,306085,0.05,1,1,,,,,,,,,,,,,,,,,,,,,,,,,1,3
379,5,150,4348,3052,4504,0,21818,3888,chapter_08_01,bgm_hel_01,303005,0.4,1,1,306095,0.45,3,4,306097,0.1,1,1,306085,0.05,1,1,,,,,,,,,,,,,,,,,,,,,,,,,1,3
380,5,150,4406,3175,4536,0,22874,3888,chapter_08_03,bgm_hel_03,302028,1,1,1,302029,1,1,1,302030,1,1,1,302031,1,1,1,302032,1,1,1,306097,0.45,3,4,306095,0.1,1,1,306088,0.05,1,1,,,,,,,,,5,7
381,5,150,5003,4393,4406,0,25609,4082,chapter_08_01,bgm_hel_01,303105,1,3,3,,,,,,,,,,,,,,,,,,,,,,,,,,,,,,,,,,,,,3,3
382,5,150,5599,5612,4924,0,28344,4600,chapter_08_01,bgm_hel_01,303305,1,3,3,,,,,,,,,,,,,,,,,,,,,,,,,,,,,,,,,,,,,3,3
383,5,150,6195,6830,5443,0,31078,5119,chapter_08_02,bgm_hel_02,303105,0.4,1,1,306096,0.45,3,4,306098,0.1,1,1,306088,0.05,1,1,,,,,,,,,,,,,,,,,,,,,,,,,1,3
384,5,150,6791,8048,5961,0,33812,5637,chapter_08_01,bgm_hel_01,303105,0.4,1,1,306096,0.45,3,4,306098,0.1,1,1,306088,0.05,1,1,,,,,,,,,,,,,,,,,,,,,,,,,1,3
385,5,150,7387,9266,6480,0,36547,6156,chapter_08_01,bgm_hel_01,303305,0.4,1,1,306098,0.45,3,4,306096,0.1,1,1,306085,0.05,1,1,,,,,,,,,,,,,,,,,,,,,,,,,1,3
386,5,150,7984,10484,6998,0,39282,6674,chapter_08_02,bgm_hel_02,303405,1,3,3,,,,,,,,,,,,,,,,,,,,,,,,,,,,,,,,,,,,,3,3
387,5,150,8580,11703,7516,0,42016,7192,chapter_08_01,bgm_hel_01,303405,0.4,1,1,306099,0.45,3,4,306085,0.05,1,1,,,,,,,,,,,,,,,,,,,,,,,,,,,,,1,3
388,5,150,9176,12921,8035,0,44751,7711,chapter_08_02,bgm_hel_02,303405,0.4,1,1,306099,0.45,3,4,306085,0.05,1,1,,,,,,,,,,,,,,,,,,,,,,,,,,,,,1,3
389,5,150,9772,14140,8553,0,47485,8229,chapter_08_01,bgm_hel_01,303405,0.4,1,1,306099,0.45,3,4,306088,0.05,1,1,,,,,,,,,,,,,,,,,,,,,,,,,,,,,1,3
390,5,150,10368,15357,9072,0,50220,8748,chapter_08_03,bgm_hel_03,302016,1,1,1,302002,1,1,1,302017,1,1,1,302018,1,1,1,303405,0.4,1,1,306099,0.45,3,4,306088,0.05,1,1,,,,,,,,,,,,,5,7
391,5,150,10906,15844,9539,0,55242,9007,chapter_08_01,bgm_hel_01,303205,0.4,1,2,306092,0.3,1,2,306097,0.3,1,2,306089,0.05,1,1,,,,,,,,,,,,,,,,,,,,,,,,,1,3
392,5,150,11444,16329,10005,0,60264,9590,chapter_08_01,bgm_hel_01,303205,0.4,1,2,306092,0.3,1,2,306097,0.3,1,2,306089,0.05,1,1,,,,,,,,,,,,,,,,,,,,,,,,,1,3
393,5,150,11981,16816,10472,0,65286,10173,chapter_08_02,bgm_hel_02,303305,0.4,1,2,306093,0.3,1,2,306098,0.3,1,2,306089,0.05,1,1,,,,,,,,,,,,,,,,,,,,,,,,,1,3
394,5,150,12520,17301,10938,0,70308,10756,chapter_08_01,bgm_hel_01,303305,0.4,1,2,306093,0.3,1,2,306098,0.3,1,2,306089,0.05,1,1,,,,,,,,,,,,,,,,,,,,,,,,,1,3
395,5,150,13057,17788,11404,0,75330,11340,chapter_08_01,bgm_hel_01,303405,0.4,1,2,306094,0.3,1,2,306099,0.3,1,2,306089,0.05,1,1,,,,,,,,,,,,,,,,,,,,,,,,,1,3
396,5,150,13595,18273,11872,0,80352,11923,chapter_08_02,bgm_hel_02,303405,0.4,1,2,306094,0.3,1,2,306099,0.3,1,2,306089,0.05,1,1,,,,,,,,,,,,,,,,,,,,,,,,,1,3
397,5,150,14133,18760,12338,0,85374,12506,chapter_08_01,bgm_hel_01,303105,0.4,1,2,306091,0.3,1,2,306096,0.3,1,2,306089,0.05,1,1,,,,,,,,,,,,,,,,,,,,,,,,,1,3
398,5,150,14671,19245,12804,0,90396,13089,chapter_08_02,bgm_hel_02,303105,0.4,1,2,306091,0.3,1,2,306096,0.3,1,2,306089,0.05,1,1,,,,,,,,,,,,,,,,,,,,,,,,,1,3
399,5,150,15208,19732,13271,0,95418,13672,chapter_08_01,bgm_hel_01,303005,0.4,1,2,306090,0.3,1,2,306095,0.3,1,2,306089,0.05,1,1,,,,,,,,,,,,,,,,,,,,,,,,,1,3
400,5,150,15746,20217,13737,0,100440,14256,chapter_08_03,bgm_hel_03,302028,1,1,1,302029,1,1,1,302030,1,1,1,302031,1,1,1,302032,1,1,1,306090,0.3,1,2,306095,0.3,1,2,306089,0.05,1,1,,,,,,,,,5,7
401,5,150,1500,1000,1300,0,100000,14000,chapter_09_01,bgm_vanaheim_01,303406,0.4,1,1,306109,0.55,3,3,306100,0.05,1,1,,,,,,,,,,,,,,,,,,,,,,,,,,,,,1,3
402,5,150,2700,1680,2060,0,152000,18400,chapter_09_01,bgm_vanaheim_01,303206,0.4,1,1,306107,0.55,3,3,306100,0.05,1,1,,,,,,,,,,,,,,,,,,,,,,,,,,,,,1,3
403,5,150,3300,2020,2440,0,178000,20600,chapter_09_02,bgm_vanaheim_02,303306,0.4,1,1,306108,0.55,3,3,306100,0.05,1,1,,,,,,,,,,,,,,,,,,,,,,,,,,,,,1,3
404,5,150,3900,2360,2820,0,204000,22800,chapter_09_01,bgm_vanaheim_01,303106,0.4,1,1,306106,0.55,3,3,306100,0.05,1,1,,,,,,,,,,,,,,,,,,,,,,,,,,,,,1,3
405,5,150,4500,2700,3200,0,230000,25000,chapter_09_01,bgm_vanaheim_01,303006,0.4,1,1,306105,0.55,3,3,306100,0.05,1,1,,,,,,,,,,,,,,,,,,,,,,,,,,,,,1,3
406,5,150,5600,3620,3960,0,264000,40000,chapter_09_02,bgm_vanaheim_02,303406,0.4,1,2,306109,0.55,4,4,306100,0.05,1,1,,,,,,,,,,,,,,,,,,,,,,,,,,,,,2,4
407,5,150,6700,4540,4720,0,298000,55000,chapter_09_01,bgm_vanaheim_01,303206,0.4,1,2,306107,0.55,4,4,306100,0.05,1,1,,,,,,,,,,,,,,,,,,,,,,,,,,,,,2,4
408,5,150,7800,5460,5480,0,332000,70000,chapter_09_02,bgm_vanaheim_02,303306,0.4,1,2,306108,0.55,4,4,306100,0.05,1,1,,,,,,,,,,,,,,,,,,,,,,,,,,,,,2,4
409,5,150,8900,6380,6240,0,366000,85000,chapter_09_01,bgm_vanaheim_01,303106,0.4,1,2,306106,0.55,4,4,306100,0.05,1,1,,,,,,,,,,,,,,,,,,,,,,,,,,,,,2,4
410,5,150,10000,7300,7000,0,400000,100000,chapter_09_03,bgm_vanaheim_03,303006,0.4,1,2,306105,0.55,4,4,306100,0.05,1,1,,,,,,,,,,,,,,,,,,,,,,,,,,,,,2,4
411,5,150,11200,8240,7800,0,440000,104000,chapter_09_01,bgm_vanaheim_01,303406,0.4,1,2,306109,0.55,3,3,306101,0.05,1,1,,,,,,,,,,,,,,,,,,,,,,,,,,,,,1,3
412,5,150,12400,9180,8600,0,480000,108000,chapter_09_01,bgm_vanaheim_01,303206,0.4,1,2,306107,0.55,3,3,306102,0.05,1,1,,,,,,,,,,,,,,,,,,,,,,,,,,,,,1,3
413,5,150,13600,10120,9400,0,520000,112000,chapter_09_02,bgm_vanaheim_02,303306,0.4,1,2,306108,0.55,3,3,306101,0.05,1,1,,,,,,,,,,,,,,,,,,,,,,,,,,,,,1,3
414,5,150,14800,11060,10200,0,560000,116000,chapter_09_01,bgm_vanaheim_01,303106,0.4,1,2,306106,0.55,3,3,306102,0.05,1,1,,,,,,,,,,,,,,,,,,,,,,,,,,,,,1,3
415,5,150,16000,12000,11000,0,600000,120000,chapter_09_01,bgm_vanaheim_01,303006,0.4,1,2,306105,0.55,3,3,306101,0.05,1,1,,,,,,,,,,,,,,,,,,,,,,,,,,,,,1,3
416,5,150,22400,15800,15400,0,660000,148000,chapter_09_02,bgm_vanaheim_02,303406,0.4,1,2,306109,0.55,4,4,306102,0.05,1,1,,,,,,,,,,,,,,,,,,,,,,,,,,,,,2,4
417,5,150,28800,19600,19800,0,720000,176000,chapter_09_01,bgm_vanaheim_01,303206,0.4,1,2,306107,0.55,4,4,306101,0.05,1,1,,,,,,,,,,,,,,,,,,,,,,,,,,,,,2,4
418,5,150,35200,23400,24200,0,780000,204000,chapter_09_02,bgm_vanaheim_02,303306,0.4,1,2,306108,0.55,4,4,306102,0.05,1,1,,,,,,,,,,,,,,,,,,,,,,,,,,,,,2,4
419,5,150,41600,27200,28600,0,840000,232000,chapter_09_01,bgm_vanaheim_01,303106,0.4,1,2,306106,0.55,4,4,306101,0.05,1,1,,,,,,,,,,,,,,,,,,,,,,,,,,,,,2,4
420,5,150,48000,31000,33000,0,900000,260000,chapter_09_03,bgm_vanaheim_03,303006,0.4,1,2,306105,0.55,4,4,306102,0.05,1,1,,,,,,,,,,,,,,,,,,,,,,,,,,,,,2,4
421,5,150,49900,32600,34400,0,1000000,282000,chapter_09_01,bgm_vanaheim_01,303406,0.4,1,2,306109,0.55,5,5,306101,0.05,1,1,,,,,,,,,,,,,,,,,,,,,,,,,,,,,3,5
422,5,150,51800,34200,35800,0,1100000,304000,chapter_09_01,bgm_vanaheim_01,303206,0.4,1,2,306107,0.55,5,5,306102,0.05,1,1,,,,,,,,,,,,,,,,,,,,,,,,,,,,,3,5
423,5,150,53700,35800,37200,0,1200000,326000,chapter_09_02,bgm_vanaheim_02,303306,0.4,1,2,306108,0.55,5,5,306101,0.05,1,1,,,,,,,,,,,,,,,,,,,,,,,,,,,,,3,5
424,5,150,55600,37400,38600,0,1300000,348000,chapter_09_01,bgm_vanaheim_01,303106,0.4,1,2,306106,0.55,5,5,306102,0.05,1,1,,,,,,,,,,,,,,,,,,,,,,,,,,,,,3,5
425,5,150,57500,39000,40000,0,1400000,370000,chapter_09_01,bgm_vanaheim_01,303006,0.4,1,2,306105,0.55,5,5,306101,0.05,1,1,,,,,,,,,,,,,,,,,,,,,,,,,,,,,3,5
426,5,150,62000,43200,43400,0,1630000,416000,chapter_09_02,bgm_vanaheim_02,303106,0.4,1,2,306109,0.55,5,5,306102,0.05,1,1,,,,,,,,,,,,,,,,,,,,,,,,,,,,,3,5
427,5,150,66500,47400,46800,0,1860000,462000,chapter_09_01,bgm_vanaheim_01,303206,0.4,1,2,306107,0.55,5,5,306101,0.05,1,1,,,,,,,,,,,,,,,,,,,,,,,,,,,,,3,5
428,5,150,71000,51600,50200,0,2090000,508000,chapter_09_02,bgm_vanaheim_02,303306,0.4,1,2,306108,0.55,5,5,306102,0.05,1,1,,,,,,,,,,,,,,,,,,,,,,,,,,,,,3,5
429,5,150,75500,55800,53600,0,2320000,554000,chapter_09_01,bgm_vanaheim_01,303406,0.4,1,2,306106,0.55,5,5,306101,0.05,1,1,,,,,,,,,,,,,,,,,,,,,,,,,,,,,3,5
430,5,150,80000,60000,57000,0,2550000,600000,chapter_09_03,bgm_vanaheim_03,303006,0.4,1,2,306105,0.55,5,5,306102,0.05,1,1,,,,,,,,,,,,,,,,,,,,,,,,,,,,,3,5
431,5,150,90000,65000,62000,0,2550000,700000,chapter_09_01,bgm_vanaheim_01,303006,0.4,1,2,306110,0.55,5,5,306103,0.05,1,1,,,,,,,,,,,,,,,,,,,,,,,,,,,,,3,5
432,5,150,100000,70000,68000,0,2950000,800000,chapter_09_01,bgm_vanaheim_01,303006,0.95,2,4,306103,0.05,1,1,,,,,,,,,,,,,,,,,,,,,,,,,,,,,,,,,3,4
433,5,150,110000,75000,75000,0,3350000,900000,chapter_09_02,bgm_vanaheim_02,303106,0.4,1,2,306111,0.55,5,5,306103,0.05,1,1,,,,,,,,,,,,,,,,,,,,,,,,,,,,,3,5
434,5,150,120000,80000,83000,0,3750000,1000000,chapter_09_01,bgm_vanaheim_01,303106,0.95,2,4,306103,0.05,1,1,,,,,,,,,,,,,,,,,,,,,,,,,,,,,,,,,3,4
435,5,150,130000,85000,92000,0,4150000,1100000,chapter_09_01,bgm_vanaheim_01,303206,0.4,1,2,306112,0.55,5,5,306103,0.05,1,1,,,,,,,,,,,,,,,,,,,,,,,,,,,,,3,5
436,5,150,140000,90000,102000,0,4550000,1200000,chapter_09_02,bgm_vanaheim_02,303206,0.95,2,4,306103,0.05,1,1,,,,,,,,,,,,,,,,,,,,,,,,,,,,,,,,,3,4
437,5,150,150000,95000,112000,0,4950000,1300000,chapter_09_01,bgm_vanaheim_01,303306,0.4,1,2,306113,0.55,5,5,306103,0.05,1,1,,,,,,,,,,,,,,,,,,,,,,,,,,,,,3,5
438,5,150,160000,100000,122000,0,5350000,1400000,chapter_09_02,bgm_vanaheim_02,303306,0.95,2,4,306103,0.05,1,1,,,,,,,,,,,,,,,,,,,,,,,,,,,,,,,,,3,4
439,5,150,170000,105000,132000,0,5750000,1500000,chapter_09_01,bgm_vanaheim_01,303406,0.4,1,2,306114,0.55,5,5,306103,0.05,1,1,,,,,,,,,,,,,,,,,,,,,,,,,,,,,3,5
440,5,150,180000,110000,142000,0,6150000,1600000,chapter_09_03,bgm_vanaheim_03,303406,0.95,2,4,306103,0.05,1,1,,,,,,,,,,,,,,,,,,,,,,,,,,,,,,,,,3,4
441,5,150,190000,115000,152000,0,6550000,1700000,chapter_09_01,bgm_vanaheim_01,303406,0.4,2,3,306114,0.55,5,5,306104,0.05,1,1,,,,,,,,,,,,,,,,,,,,,,,,,,,,,3,5
442,5,150,200000,120000,162000,0,6950000,1800000,chapter_09_01,bgm_vanaheim_01,303406,0.4,2,3,306114,0.55,5,5,306104,0.05,1,1,,,,,,,,,,,,,,,,,,,,,,,,,,,,,3,5
443,5,150,210000,125000,172000,0,7350000,1900000,chapter_09_02,bgm_vanaheim_02,303306,0.4,2,3,306113,0.55,5,5,306104,0.05,1,1,,,,,,,,,,,,,,,,,,,,,,,,,,,,,3,5
444,5,150,220000,130000,182000,0,7750000,2000000,chapter_09_01,bgm_vanaheim_01,303306,0.4,2,3,306113,0.55,5,5,306104,0.05,1,1,,,,,,,,,,,,,,,,,,,,,,,,,,,,,3,5
445,5,150,230000,135000,192000,0,8150000,2100000,chapter_09_01,bgm_vanaheim_01,303206,0.4,2,3,306112,0.55,5,5,306104,0.05,1,1,,,,,,,,,,,,,,,,,,,,,,,,,,,,,3,5
446,5,150,240000,140000,202000,0,8550000,2200000,chapter_09_02,bgm_vanaheim_02,303206,0.4,2,3,306112,0.55,5,5,306104,0.05,1,1,,,,,,,,,,,,,,,,,,,,,,,,,,,,,3,5
447,5,150,250000,145000,212000,0,8950000,2300000,chapter_09_01,bgm_vanaheim_01,303106,0.4,2,3,306111,0.55,5,5,306104,0.05,1,1,,,,,,,,,,,,,,,,,,,,,,,,,,,,,3,5
448,5,150,260000,150000,222000,0,9350000,2400000,chapter_09_02,bgm_vanaheim_02,303106,0.4,2,3,306111,0.55,5,5,306104,0.05,1,1,,,,,,,,,,,,,,,,,,,,,,,,,,,,,3,5
449,5,150,270000,155000,232000,0,9750000,2500000,chapter_09_01,bgm_vanaheim_01,303006,0.4,2,3,306110,0.55,5,5,306104,0.05,1,1,,,,,,,,,,,,,,,,,,,,,,,,,,,,,3,5
450,5,150,280000,160000,242000,0,10150000,2600000,chapter_09_03,bgm_vanaheim_03,303006,0.4,2,3,306110,0.55,5,5,306104,0.05,1,1,,,,,,,,,,,,,,,,,,,,,,,,,,,,,3,5
10000001,10,150,184,132,132,0,184,132,chapter_99_01,bgm_hard1,303200,0.15,1,1,306064,0.25,1,2,306065,0.1,1,2,306058,0.4,1,1,306059,0.1,1,1,,,,,,,,,,,,,,,,,,,,,4,4
10000002,10,150,228,163,163,0,228,163,chapter_99_01,bgm_hard2,303200,0.15,1,1,306064,0.25,1,2,306065,0.1,1,2,306058,0.4,1,1,306059,0.1,1,1,,,,,,,,,,,,,,,,,,,,,4,4
10000003,10,150,245,175,175,0,245,175,chapter_99_01,bgm_hard1,303200,0.15,1,1,306064,0.25,1,2,306065,0.1,1,2,306058,0.4,1,1,306059,0.1,1,1,,,,,,,,,,,,,,,,,,,,,4,4
10000004,10,150,266,190,190,0,266,190,chapter_99_01,bgm_hard2,303200,0.15,1,1,306064,0.25,1,2,306065,0.1,1,2,306058,0.4,1,1,306059,0.1,1,1,,,,,,,,,,,,,,,,,,,,,4,4
10000005,10,150,277,198,198,0,277,198,chapter_99_01,bgm_hard1,303300,0.15,1,1,306062,0.2,1,2,306063,0.1,1,2,306058,0.3,1,1,306059,0.25,1,1,,,,,,,,,,,,,,,,,,,,,4,4
10000006,10,150,254,182,182,0,254,182,chapter_99_01,bgm_hard2,303300,0.15,1,1,306062,0.2,1,2,306063,0.1,1,2,306058,0.3,1,1,306059,0.25,1,1,,,,,,,,,,,,,,,,,,,,,4,4
10000007,10,150,236,169,169,0,236,169,chapter_99_01,bgm_hard1,303300,0.15,1,1,306062,0.2,1,2,306063,0.1,1,2,306058,0.3,1,1,306059,0.25,1,1,,,,,,,,,,,,,,,,,,,,,4,4
10000008,10,150,273,195,195,0,273,195,chapter_99_01,bgm_hard2,303300,0.15,1,1,306062,0.2,1,2,306063,0.1,1,2,306058,0.3,1,1,306059,0.25,1,1,,,,,,,,,,,,,,,,,,,,,4,4
10000009,10,150,287,205,205,0,287,205,chapter_99_01,bgm_hard1,303100,0.15,1,1,306062,0.25,1,2,306063,0.1,1,2,306060,0.4,1,1,306061,0.1,1,1,,,,,,,,,,,,,,,,,,,,,4,4
10000010,10,150,301,215,215,0,301,215,chapter_99_01,bgm_hard2,303100,0.15,1,1,306062,0.25,1,2,306063,0.1,1,2,306060,0.4,1,1,306061,0.1,1,1,,,,,,,,,,,,,,,,,,,,,4,4
10000011,10,150,315,225,225,0,315,225,chapter_99_01,bgm_hard1,303100,0.15,1,1,306060,0.25,1,2,306061,0.1,1,2,306066,0.4,1,1,306058,0.1,1,1,,,,,,,,,,,,,,,,,,,,,4,4
10000012,10,150,329,235,235,0,329,235,chapter_99_01,bgm_hard2,303100,0.15,1,1,306060,0.25,1,2,306061,0.1,1,2,306066,0.4,1,1,306058,0.1,1,1,,,,,,,,,,,,,,,,,,,,,4,4
10000013,10,150,333,238,238,0,333,238,chapter_99_01,bgm_hard1,303000,0.15,1,1,306060,0.25,1,2,306061,0.1,1,2,306068,0.2,1,1,306058,0.3,1,1,,,,,,,,,,,,,,,,,,,,,4,4
10000014,10,150,337,241,241,0,337,241,chapter_99_01,bgm_hard2,303000,0.15,1,1,306060,0.25,1,2,306061,0.1,1,2,306068,0.2,1,1,306058,0.3,1,1,,,,,,,,,,,,,,,,,,,,,4,4
10000015,10,150,341,244,244,0,341,244,chapter_99_01,bgm_hard1,303000,0.15,1,1,306060,0.25,1,2,306061,0.1,1,2,306068,0.2,1,1,306058,0.3,1,1,,,,,,,,,,,,,,,,,,,,,4,4
10000016,10,150,345,247,247,0,345,247,chapter_99_01,bgm_hard2,303000,0.15,1,1,306060,0.25,1,2,306061,0.1,1,2,306068,0.3,1,1,306069,0.2,1,1,,,,,,,,,,,,,,,,,,,,,4,4
10000017,10,150,349,250,250,0,349,250,chapter_99_01,bgm_hard1,303400,0.15,1,1,306066,0.2,1,2,306067,0.25,1,2,306068,0.2,1,1,306069,0.2,1,1,,,,,,,,,,,,,,,,,,,,,4,4
10000018,10,150,353,253,253,0,353,253,chapter_99_01,bgm_hard2,303400,0.15,1,1,306066,0.2,1,2,306067,0.25,1,2,306068,0.2,1,1,306069,0.2,1,1,,,,,,,,,,,,,,,,,,,,,4,4
10000019,10,150,357,256,256,0,357,256,chapter_99_01,bgm_hard1,303400,0.15,1,1,306066,0.2,1,2,306067,0.25,1,2,306068,0.2,1,1,306069,0.2,1,2,,,,,,,,,,,,,,,,,,,,,4,4
10000020,10,150,357,256,256,0,357,256,chapter_99_01,bgm_hard2,303400,0.15,1,1,306066,0.05,1,2,306067,0.35,1,2,306068,0.15,1,1,306069,0.3,1,2,,,,,,,,,,,,,,,,,,,,,4,4
10000021,10,150,291,232,232,0,291,232,chapter_99_01,bgm_hard1,303200,0.15,1,1,306070,0.45,1,2,306071,0.3,1,2,306074,0.1,1,1,,,,,,,,,,,,,,,,,,,,,,,,,4,4
10000022,10,150,294,237,237,0,294,237,chapter_99_01,bgm_hard2,303200,0.15,1,1,306070,0.45,1,2,306071,0.3,1,2,306074,0.1,1,1,,,,,,,,,,,,,,,,,,,,,,,,,4,4
10000023,10,150,298,242,242,0,298,242,chapter_99_01,bgm_hard1,303200,0.15,1,1,306070,0.45,1,2,306071,0.3,1,2,306074,0.1,1,2,,,,,,,,,,,,,,,,,,,,,,,,,4,4
10000024,10,150,301,247,247,0,301,247,chapter_99_01,bgm_hard2,303200,0.15,1,1,306070,0.45,1,2,306071,0.3,1,2,306074,0.1,1,2,,,,,,,,,,,,,,,,,,,,,,,,,4,4
10000025,10,150,305,252,252,0,305,252,chapter_99_01,bgm_hard1,303100,0.15,1,1,306070,0.3,1,2,306071,0.3,1,2,306074,0.15,1,1,306073,0.1,1,1,,,,,,,,,,,,,,,,,,,,,4,4
10000026,10,150,308,257,257,0,308,257,chapter_99_01,bgm_hard2,303100,0.15,1,1,306070,0.3,1,2,306071,0.3,1,2,306074,0.15,1,1,306073,0.1,1,1,,,,,,,,,,,,,,,,,,,,,4,4
10000027,10,150,312,262,262,0,312,262,chapter_99_01,bgm_hard1,303100,0.15,1,1,306070,0.3,1,2,306071,0.3,1,2,306074,0.15,1,1,306073,0.1,1,2,,,,,,,,,,,,,,,,,,,,,4,4
10000028,10,150,315,267,267,0,315,267,chapter_99_01,bgm_hard2,303100,0.15,1,1,306070,0.3,1,2,306071,0.3,1,2,306074,0.15,1,1,306073,0.1,1,2,,,,,,,,,,,,,,,,,,,,,4,4
10000029,10,150,319,272,272,0,319,272,chapter_99_01,bgm_hard1,303300,0.15,1,1,306070,0.2,1,2,306071,0.25,1,2,306073,0.3,1,1,306077,0.1,1,1,,,,,,,,,,,,,,,,,,,,,4,4
10000030,10,150,322,277,277,0,322,277,chapter_99_01,bgm_hard2,303300,0.15,1,1,306070,0.2,1,2,306071,0.25,1,2,306073,0.3,1,1,306077,0.1,1,1,,,,,,,,,,,,,,,,,,,,,4,4
10000031,10,150,326,282,282,0,326,282,chapter_99_01,bgm_hard1,303300,0.15,1,1,306070,0.2,1,2,306071,0.25,1,2,306073,0.3,1,1,306077,0.1,1,2,,,,,,,,,,,,,,,,,,,,,4,4
10000032,10,150,329,287,287,0,329,287,chapter_99_01,bgm_hard2,303300,0.15,1,1,306070,0.2,1,2,306071,0.25,1,2,306073,0.3,1,1,306077,0.1,1,2,,,,,,,,,,,,,,,,,,,,,4,4
10000033,10,150,333,292,292,0,333,292,chapter_99_01,bgm_hard1,303000,0.15,1,1,306070,0.2,1,2,306071,0.25,1,2,306074,0.3,1,1,306076,0.1,1,1,,,,,,,,,,,,,,,,,,,,,4,4
10000034,10,150,336,297,297,0,336,297,chapter_99_01,bgm_hard2,303000,0.15,1,1,306070,0.2,1,2,306071,0.25,1,2,306074,0.3,1,1,306076,0.1,1,1,,,,,,,,,,,,,,,,,,,,,4,4
10000035,10,150,340,302,302,0,340,302,chapter_99_01,bgm_hard1,303000,0.15,1,1,306070,0.2,1,2,306071,0.25,1,2,306074,0.3,1,1,306076,0.1,1,2,,,,,,,,,,,,,,,,,,,,,4,4
10000036,10,150,343,307,307,0,343,307,chapter_99_01,bgm_hard2,303000,0.15,1,1,306070,0.2,1,2,306071,0.25,1,2,306074,0.3,1,1,306076,0.1,1,2,,,,,,,,,,,,,,,,,,,,,4,4
10000037,10,150,347,312,312,0,347,312,chapter_99_01,bgm_hard1,303400,0.15,1,1,306073,0.2,1,2,306072,0.25,1,2,306077,0.3,1,1,306075,0.1,1,1,,,,,,,,,,,,,,,,,,,,,4,4
10000038,10,150,350,317,317,0,350,317,chapter_99_01,bgm_hard2,303400,0.15,1,1,306073,0.2,1,2,306072,0.25,1,2,306077,0.3,1,1,306075,0.1,1,1,,,,,,,,,,,,,,,,,,,,,4,4
10000039,10,150,354,322,322,0,354,322,chapter_99_01,bgm_hard1,303400,0.15,1,1,306073,0.2,1,2,306072,0.2,1,2,306077,0.3,1,2,306075,0.15,1,2,,,,,,,,,,,,,,,,,,,,,4,4
10000040,10,150,357,327,327,0,357,327,chapter_99_01,bgm_hard2,303400,0.15,1,1,306073,0.2,1,2,306072,0.2,1,2,306077,0.3,1,2,306075,0.15,1,2,,,,,,,,,,,,,,,,,,,,,4,4
10000041,10,150,364,330,330,0,364,330,chapter_99_01,bgm_hard1,303200,0.1,1,1,306078,0.45,1,2,306079,0.25,1,2,306080,0.1,1,1,306081,0.1,1,1,,,,,,,,,,,,,,,,,,,,,4,4
10000042,10,150,366,333,333,0,366,333,chapter_99_01,bgm_hard2,303200,0.1,1,1,306078,0.45,1,2,306079,0.25,1,2,306080,0.1,1,1,306081,0.1,1,1,,,,,,,,,,,,,,,,,,,,,4,4
10000043,10,150,368,336,336,0,368,336,chapter_99_01,bgm_hard1,303200,0.1,1,1,306078,0.4,1,2,306079,0.25,1,2,306080,0.1,1,2,306081,0.15,1,1,,,,,,,,,,,,,,,,,,,,,4,4
10000044,10,150,370,339,339,0,370,339,chapter_99_01,bgm_hard2,303200,0.1,1,1,306078,0.4,1,2,306079,0.25,1,2,306080,0.1,1,2,306081,0.15,1,1,,,,,,,,,,,,,,,,,,,,,4,4
10000045,10,150,371,341,341,0,371,341,chapter_99_01,bgm_hard1,303100,0.1,1,1,306078,0.2,1,2,306079,0.2,1,2,306080,0.3,1,2,306081,0.2,1,2,,,,,,,,,,,,,,,,,,,,,4,4
10000046,10,150,372,343,343,0,372,343,chapter_99_01,bgm_hard2,303100,0.1,1,1,306078,0.2,1,2,306079,0.2,1,2,306080,0.3,1,2,306081,0.2,1,2,,,,,,,,,,,,,,,,,,,,,4,4
10000047,10,150,373,345,345,0,373,345,chapter_99_01,bgm_hard1,303100,0.1,1,1,306078,0.35,1,2,306079,0.2,1,2,306081,0.25,1,2,306082,0.1,1,2,,,,,,,,,,,,,,,,,,,,,4,4
10000048,10,150,374,347,347,0,374,347,chapter_99_01,bgm_hard2,303100,0.1,1,1,306078,0.35,1,2,306079,0.2,1,2,306081,0.25,1,2,306082,0.1,1,2,,,,,,,,,,,,,,,,,,,,,4,4
10000049,10,150,375,349,349,0,375,349,chapter_99_01,bgm_hard1,303300,0.1,1,1,306078,0.3,1,2,306079,0.25,1,2,306082,0.15,1,1,306083,0.2,1,1,,,,,,,,,,,,,,,,,,,,,4,4
10000050,10,150,376,351,351,0,376,351,chapter_99_01,bgm_hard2,303300,0.1,1,1,306078,0.3,1,2,306079,0.25,1,2,306082,0.15,1,1,306083,0.2,1,1,,,,,,,,,,,,,,,,,,,,,4,4
10000051,10,150,377,353,353,0,377,353,chapter_99_01,bgm_hard1,303300,0.1,1,1,306078,0.3,1,2,306079,0.25,1,2,306082,0.15,1,1,306083,0.2,1,2,,,,,,,,,,,,,,,,,,,,,4,4
10000052,10,150,378,355,355,0,378,355,chapter_99_01,bgm_hard2,303300,0.1,1,1,306078,0.3,1,2,306079,0.25,1,2,306082,0.15,1,1,306083,0.2,1,2,,,,,,,,,,,,,,,,,,,,,4,4
10000053,10,150,388,375,375,0,388,375,chapter_99_01,bgm_hard1,303400,0.1,1,1,306078,0.25,1,2,306081,0.25,1,2,306084,0.3,1,1,306085,0.1,1,1,,,,,,,,,,,,,,,,,,,,,4,4
10000054,10,150,389,377,377,0,389,377,chapter_99_01,bgm_hard2,303400,0.1,1,1,306078,0.25,1,2,306081,0.25,1,2,306084,0.3,1,1,306085,0.1,1,1,,,,,,,,,,,,,,,,,,,,,4,4
10000055,10,150,390,379,379,0,390,379,chapter_99_01,bgm_hard1,303400,0.1,1,1,306078,0.25,1,2,306081,0.25,1,2,306084,0.3,1,1,306085,0.1,1,2,,,,,,,,,,,,,,,,,,,,,4,4
10000056,10,150,391,381,381,0,391,381,chapter_99_01,bgm_hard2,303400,0.1,1,1,306078,0.25,1,2,306081,0.25,1,2,306084,0.3,1,1,306085,0.1,1,2,,,,,,,,,,,,,,,,,,,,,4,4
10000057,10,150,401,401,401,0,401,401,chapter_99_01,bgm_hard1,303000,0.1,1,1,306078,0.15,1,2,306080,0.25,1,2,306084,0.3,1,1,306085,0.1,1,2,306086,0.1,1,1,,,,,,,,,,,,,,,,,4,4
10000058,10,150,402,403,403,0,402,403,chapter_99_01,bgm_hard2,303000,0.1,1,1,306078,0.15,1,2,306080,0.25,1,2,306084,0.3,1,1,306085,0.1,1,2,306086,0.1,1,1,,,,,,,,,,,,,,,,,4,4
10000059,10,150,403,405,405,0,403,405,chapter_99_01,bgm_hard1,303000,0.1,1,1,306080,0.15,1,2,306084,0.25,1,2,306085,0.35,1,2,306086,0.15,1,2,,,,,,,,,,,,,,,,,,,,,4,4
10000060,10,150,404,407,407,0,404,407,chapter_99_01,bgm_hard2,303000,0.1,1,1,306080,0.15,1,2,306084,0.25,1,2,306085,0.35,1,2,306086,0.15,1,2,,,,,,,,,,,,,,,,,,,,,4,4
999999,5,150,0,0,0,0,0,0,PVP,bgm_stage_green,,,,,,,,,,,,,,,,,,,,,,,,,,,,,,,,,,,,,,,,,4,4